profile,dimension,value,workload,rho,method,seeds,slo_violation_median,slo_goodput_per_us_median,P99_us_median,P999_us_median,migrated_work_rate_median,handoffs_per_request_median,rescue_moves_per_request_median,estimator_mae_us_median,estimator_rmse_us_median,control_operations_per_request_median,configured_control_cost_per_request_us_median,rescue_migrated_fraction_median,rescue_migrated_miss_rate_median,rescue_nonmigrated_miss_rate_median
baseline,baseline,corrected-default,W2,0.85,L0_RandomCore,5,0.6464,0.15134524349634906,1140.0,1330.0,0.0,0.0,0.0,0.0,0.0,1.0116,0.0,0.0,0.0,0.6464
baseline,baseline,corrected-default,W2,0.85,L1_WorkStealingPolling,5,0.0674,0.4211218505940746,163.0,229.0,0.7028690731707318,0.6662,0.0,0.0,0.0,3.011,0.0,0.0,0.0,0.0674
baseline,baseline,corrected-default,W2,0.85,M0_AltoThreshold,5,0.0694,0.4207889453598365,195.0,205.0,0.2781080975609756,0.4712,0.0,0.0,0.0,19.675,0.0,0.0,0.0,0.0694
baseline,baseline,corrected-default,W2,0.85,M1_RescueSched,5,0.0518,0.4298238456586975,197.0,292.0,0.25882521934932834,0.4214,0.4214,0.0,0.0,69.2104,0.0,0.4214,0.00239378,0.0888423
baseline,baseline,corrected-default,W3,0.7,L0_RandomCore,5,0.3908,0.23275202692366528,720.0,814.0,0.0,0.0,0.0,12.0693,25.2652,1.0074,0.0,0.0,0.0,0.3908
baseline,baseline,corrected-default,W3,0.7,L1_WorkStealingPolling,5,0.0076,0.38560152443511464,152.0,320.0,0.6646676764894887,0.6534,0.0,12.0752,25.2549,3.353,0.0,0.0,0.0,0.0076
baseline,baseline,corrected-default,W3,0.7,M0_AltoThreshold,5,0.0228,0.37934186471663617,199.0,386.0,0.14485394692847808,0.2478,0.0,12.0552,25.3234,14.9016,0.0,0.0,0.0,0.0228
baseline,baseline,corrected-default,W3,0.7,M1_RescueSched,5,0.0188,0.38003904192358934,197.0,375.0,0.14686388644031734,0.2532,0.2532,12.0251,25.2875,30.0722,0.0,0.2532,0.00569569,0.0235973
baseline,baseline,corrected-default,W3,0.85,L0_RandomCore,5,0.5952,0.18531234835791655,916.0,1040.0,0.0,0.0,0.0,12.2326,25.47,1.0132,0.0,0.0,0.0,0.5952
baseline,baseline,corrected-default,W3,0.85,L1_WorkStealingPolling,5,0.0404,0.44783919222837093,159.0,320.0,0.6823701086142027,0.665,0.0,12.0801,25.2969,2.944,0.0,0.0,0.0,0.0404
baseline,baseline,corrected-default,W3,0.85,M0_AltoThreshold,5,0.0454,0.4427972391272079,208.0,387.0,0.20714915346971033,0.3508,0.0,11.9929,25.241,19.7402,0.0,0.0,0.0,0.0454
baseline,baseline,corrected-default,W3,0.85,M1_RescueSched,5,0.0404,0.44487301925805045,214.0,388.0,0.20389546803757766,0.339,0.339,12.0275,25.2783,47.115,0.0,0.339,0.0163743,0.0528875
baseline,baseline,corrected-default,W3,0.9,L0_RandomCore,5,0.67,0.15275823978700706,1070.0,1160.0,0.0,0.0,0.0,12.1575,25.4038,1.0158,0.0,0.0,0.0,0.67
baseline,baseline,corrected-default,W3,0.9,L1_WorkStealingPolling,5,0.096,0.44615536472213996,159.0,320.0,0.6153940849265934,0.5812,0.0,12.0604,25.2821,2.8384,0.0,0.0,0.0,0.096
baseline,baseline,corrected-default,W3,0.9,M0_AltoThreshold,5,0.0856,0.44815181485801664,212.0,387.0,0.2430355025988632,0.3996,0.0,12.0669,25.2999,24.8978,0.0,0.0,0.0,0.0856
baseline,baseline,corrected-default,W3,0.9,M1_RescueSched,5,0.0692,0.4558678042138876,220.0,395.0,0.22292144802472538,0.3516,0.3516,12.0548,25.3001,67.6308,0.0,0.3516,0.0301479,0.0942075
budget-2,budget-per-check,2,W2,0.85,L0_RandomCore,5,0.6464,0.15134524349634906,1140.0,1330.0,0.0,0.0,0.0,0.0,0.0,1.0116,0.0,0.0,0.0,0.6464
budget-2,budget-per-check,2,W2,0.85,L1_WorkStealingPolling,5,0.0674,0.4211218505940746,163.0,229.0,0.7028690731707318,0.6662,0.0,0.0,0.0,3.011,0.0,0.0,0.0,0.0674
budget-2,budget-per-check,2,W2,0.85,M0_AltoThreshold,5,0.0714,0.4198504344995343,194.0,205.0,0.2854119024390244,0.4708,0.0,0.0,0.0,22.6364,0.0,0.0,0.0,0.0714
budget-2,budget-per-check,2,W2,0.85,M1_RescueSched,5,0.0446,0.4320300983078746,195.0,292.0,0.2629831508657504,0.4226,0.4226,0.0,0.0,61.683,0.0,0.4226,0.00366972,0.0762411
budget-2,budget-per-check,2,W3,0.7,L0_RandomCore,5,0.3908,0.23275202692366528,720.0,814.0,0.0,0.0,0.0,12.0693,25.2652,1.0074,0.0,0.0,0.0,0.3908
budget-2,budget-per-check,2,W3,0.7,L1_WorkStealingPolling,5,0.0076,0.38560152443511464,152.0,320.0,0.6646676764894887,0.6534,0.0,12.0752,25.2549,3.353,0.0,0.0,0.0,0.0076
budget-2,budget-per-check,2,W3,0.7,M0_AltoThreshold,5,0.0238,0.379710303191033,197.0,375.0,0.14473160278427916,0.2474,0.0,12.0311,25.2956,16.202,0.0,0.0,0.0,0.0238
budget-2,budget-per-check,2,W3,0.7,M1_RescueSched,5,0.0198,0.379914490194256,198.0,375.0,0.14563740539226117,0.254,0.254,12.0022,25.2752,30.3262,0.0,0.254,0.00527903,0.0240801
budget-2,budget-per-check,2,W3,0.85,L0_RandomCore,5,0.5952,0.18531234835791655,916.0,1040.0,0.0,0.0,0.0,12.2326,25.47,1.0132,0.0,0.0,0.0,0.5952
budget-2,budget-per-check,2,W3,0.85,L1_WorkStealingPolling,5,0.0404,0.44783919222837093,159.0,320.0,0.6823701086142027,0.665,0.0,12.0801,25.2969,2.944,0.0,0.0,0.0,0.0404
budget-2,budget-per-check,2,W3,0.85,M0_AltoThreshold,5,0.044,0.44368949161352605,211.0,388.0,0.20454041156266148,0.349,0.0,12.0578,25.2609,23.3016,0.0,0.0,0.0,0.044
budget-2,budget-per-check,2,W3,0.85,M1_RescueSched,5,0.038,0.4464741536947825,209.0,381.0,0.2033454206065057,0.3412,0.3412,12.0419,25.2517,44.161,0.0,0.3412,0.0228605,0.0458409
budget-2,budget-per-check,2,W3,0.9,L0_RandomCore,5,0.67,0.15275823978700706,1070.0,1160.0,0.0,0.0,0.0,12.1575,25.4038,1.0158,0.0,0.0,0.0,0.67
budget-2,budget-per-check,2,W3,0.9,L1_WorkStealingPolling,5,0.096,0.44615536472213996,159.0,320.0,0.6153940849265934,0.5812,0.0,12.0604,25.2821,2.8384,0.0,0.0,0.0,0.096
budget-2,budget-per-check,2,W3,0.9,M0_AltoThreshold,5,0.0868,0.44756368911673317,214.0,387.0,0.24609410620383598,0.4082,0.0,12.0629,25.3308,28.826,0.0,0.0,0.0,0.0868
budget-2,budget-per-check,2,W3,0.9,M1_RescueSched,5,0.0756,0.4530528627020457,215.0,387.0,0.22309816701857463,0.3524,0.3524,12.053,25.3235,66.8988,0.0,0.3524,0.042948,0.0953757
budget-4,budget-per-check,4,W2,0.85,L0_RandomCore,5,0.6464,0.15134524349634906,1140.0,1330.0,0.0,0.0,0.0,0.0,0.0,1.0116,0.0,0.0,0.0,0.6464
budget-4,budget-per-check,4,W2,0.85,L1_WorkStealingPolling,5,0.0674,0.4211218505940746,163.0,229.0,0.7028690731707318,0.6662,0.0,0.0,0.0,3.011,0.0,0.0,0.0,0.0674
budget-4,budget-per-check,4,W2,0.85,M0_AltoThreshold,5,0.0706,0.4202121406675287,193.0,203.0,0.28352,0.472,0.0,0.0,0.0,23.1356,0.0,0.0,0.0,0.0706
budget-4,budget-per-check,4,W2,0.85,M1_RescueSched,5,0.0536,0.42722618972381976,198.0,258.0,0.26071511763335664,0.4226,0.4226,0.0,0.0,68.6006,0.0,0.4226,0.00277778,0.0924046
budget-4,budget-per-check,4,W3,0.7,L0_RandomCore,5,0.3908,0.23275202692366528,720.0,814.0,0.0,0.0,0.0,12.0693,25.2652,1.0074,0.0,0.0,0.0,0.3908
budget-4,budget-per-check,4,W3,0.7,L1_WorkStealingPolling,5,0.0076,0.38560152443511464,152.0,320.0,0.6646676764894887,0.6534,0.0,12.0752,25.2549,3.353,0.0,0.0,0.0,0.0076
budget-4,budget-per-check,4,W3,0.7,M0_AltoThreshold,5,0.0242,0.37900829153763954,198.0,375.0,0.14485622663302836,0.251,0.0,12.031,25.293,16.272,0.0,0.0,0.0,0.0242
budget-4,budget-per-check,4,W3,0.7,M1_RescueSched,5,0.02,0.37957425711895393,199.0,375.0,0.14813140217027873,0.2564,0.2564,12.0267,25.28,30.316,0.0,0.2564,0.00624025,0.0244035
budget-4,budget-per-check,4,W3,0.85,L0_RandomCore,5,0.5952,0.18531234835791655,916.0,1040.0,0.0,0.0,0.0,12.2326,25.47,1.0132,0.0,0.0,0.0,0.5952
budget-4,budget-per-check,4,W3,0.85,L1_WorkStealingPolling,5,0.0404,0.44783919222837093,159.0,320.0,0.6823701086142027,0.665,0.0,12.0801,25.2969,2.944,0.0,0.0,0.0,0.0404
budget-4,budget-per-check,4,W3,0.85,M0_AltoThreshold,5,0.044,0.44368949161352605,212.0,389.0,0.2046566764947263,0.3474,0.0,12.0784,25.3023,23.3264,0.0,0.0,0.0,0.044
budget-4,budget-per-check,4,W3,0.85,M1_RescueSched,5,0.0392,0.445673148285587,214.0,388.0,0.2029881575323602,0.3394,0.3394,12.0669,25.2621,45.9614,0.0,0.3394,0.0199648,0.0491356
budget-4,budget-per-check,4,W3,0.9,L0_RandomCore,5,0.67,0.15275823978700706,1070.0,1160.0,0.0,0.0,0.0,12.1575,25.4038,1.0158,0.0,0.0,0.0,0.67
budget-4,budget-per-check,4,W3,0.9,L1_WorkStealingPolling,5,0.096,0.44615536472213996,159.0,320.0,0.6153940849265934,0.5812,0.0,12.0604,25.2821,2.8384,0.0,0.0,0.0,0.096
budget-4,budget-per-check,4,W3,0.9,M0_AltoThreshold,5,0.083,0.4494260872974642,215.0,387.0,0.241410833156023,0.4042,0.0,12.0924,25.3615,28.953,0.0,0.0,0.0,0.083
budget-4,budget-per-check,4,W3,0.9,M1_RescueSched,5,0.0758,0.45295484174516515,224.0,385.0,0.22296199394106309,0.356,0.356,12.086,25.3407,66.9754,0.0,0.356,0.039604,0.0934817
candidates-32,k-candidates,32,W2,0.85,L0_RandomCore,5,0.6464,0.15134524349634906,1140.0,1330.0,0.0,0.0,0.0,0.0,0.0,1.0116,0.0,0.0,0.0,0.6464
candidates-32,k-candidates,32,W2,0.85,L1_WorkStealingPolling,5,0.0674,0.4211218505940746,163.0,229.0,0.7028690731707318,0.6662,0.0,0.0,0.0,3.011,0.0,0.0,0.0,0.0674
candidates-32,k-candidates,32,W2,0.85,M0_AltoThreshold,5,0.0694,0.4207889453598365,195.0,205.0,0.2781080975609756,0.4712,0.0,0.0,0.0,19.675,0.0,0.0,0.0,0.0694
candidates-32,k-candidates,32,W2,0.85,M1_RescueSched,5,0.0518,0.4298238456586975,197.0,292.0,0.26841834146341464,0.4214,0.4214,0.0,0.0,69.355,0.0,0.4214,0.00293427,0.0888423
candidates-32,k-candidates,32,W3,0.7,L0_RandomCore,5,0.3908,0.23275202692366528,720.0,814.0,0.0,0.0,0.0,12.0693,25.2652,1.0074,0.0,0.0,0.0,0.3908
candidates-32,k-candidates,32,W3,0.7,L1_WorkStealingPolling,5,0.0076,0.38560152443511464,152.0,320.0,0.6646676764894887,0.6534,0.0,12.0752,25.2549,3.353,0.0,0.0,0.0,0.0076
candidates-32,k-candidates,32,W3,0.7,M0_AltoThreshold,5,0.0228,0.37934186471663617,199.0,386.0,0.14485394692847808,0.2478,0.0,12.0552,25.3234,14.9016,0.0,0.0,0.0,0.0228
candidates-32,k-candidates,32,W3,0.7,M1_RescueSched,5,0.0188,0.38003904192358934,197.0,375.0,0.14686388644031734,0.2532,0.2532,12.0251,25.2875,30.0722,0.0,0.2532,0.00569569,0.0235973
candidates-32,k-candidates,32,W3,0.85,L0_RandomCore,5,0.5952,0.18531234835791655,916.0,1040.0,0.0,0.0,0.0,12.2326,25.47,1.0132,0.0,0.0,0.0,0.5952
candidates-32,k-candidates,32,W3,0.85,L1_WorkStealingPolling,5,0.0404,0.44783919222837093,159.0,320.0,0.6823701086142027,0.665,0.0,12.0801,25.2969,2.944,0.0,0.0,0.0,0.0404
candidates-32,k-candidates,32,W3,0.85,M0_AltoThreshold,5,0.0454,0.4427972391272079,208.0,387.0,0.20714915346971033,0.3508,0.0,11.9929,25.241,19.7402,0.0,0.0,0.0,0.0454
candidates-32,k-candidates,32,W3,0.85,M1_RescueSched,5,0.0404,0.44487301925805045,214.0,388.0,0.20389546803757766,0.339,0.339,12.0275,25.2783,47.115,0.0,0.339,0.0163743,0.0528875
candidates-32,k-candidates,32,W3,0.9,L0_RandomCore,5,0.67,0.15275823978700706,1070.0,1160.0,0.0,0.0,0.0,12.1575,25.4038,1.0158,0.0,0.0,0.0,0.67
candidates-32,k-candidates,32,W3,0.9,L1_WorkStealingPolling,5,0.096,0.44615536472213996,159.0,320.0,0.6153940849265934,0.5812,0.0,12.0604,25.2821,2.8384,0.0,0.0,0.0,0.096
candidates-32,k-candidates,32,W3,0.9,M0_AltoThreshold,5,0.0856,0.44815181485801664,212.0,387.0,0.2430355025988632,0.3996,0.0,12.0669,25.2999,24.8978,0.0,0.0,0.0,0.0856
candidates-32,k-candidates,32,W3,0.9,M1_RescueSched,5,0.0692,0.4558678042138876,220.0,395.0,0.22292144802472538,0.3516,0.3516,12.0548,25.3001,67.6308,0.0,0.3516,0.0301479,0.0942075
candidates-8,k-candidates,8,W2,0.85,L0_RandomCore,5,0.6464,0.15134524349634906,1140.0,1330.0,0.0,0.0,0.0,0.0,0.0,1.0116,0.0,0.0,0.0,0.6464
candidates-8,k-candidates,8,W2,0.85,L1_WorkStealingPolling,5,0.0674,0.4211218505940746,163.0,229.0,0.7028690731707318,0.6662,0.0,0.0,0.0,3.011,0.0,0.0,0.0,0.0674
candidates-8,k-candidates,8,W2,0.85,M0_AltoThreshold,5,0.0694,0.4207889453598365,195.0,205.0,0.2781080975609756,0.4712,0.0,0.0,0.0,19.675,0.0,0.0,0.0,0.0694
candidates-8,k-candidates,8,W2,0.85,M1_RescueSched,5,0.0434,0.42671448581038285,196.0,495.0,0.25098096865191305,0.4214,0.4214,0.0,0.0,60.4682,0.0,0.4214,0.0032543,0.0746903
candidates-8,k-candidates,8,W3,0.7,L0_RandomCore,5,0.3908,0.23275202692366528,720.0,814.0,0.0,0.0,0.0,12.0693,25.2652,1.0074,0.0,0.0,0.0,0.3908
candidates-8,k-candidates,8,W3,0.7,L1_WorkStealingPolling,5,0.0076,0.38560152443511464,152.0,320.0,0.6646676764894887,0.6534,0.0,12.0752,25.2549,3.353,0.0,0.0,0.0,0.0076
candidates-8,k-candidates,8,W3,0.7,M0_AltoThreshold,5,0.0228,0.37934186471663617,199.0,386.0,0.14485394692847808,0.2478,0.0,12.0552,25.3234,14.9016,0.0,0.0,0.0,0.0228
candidates-8,k-candidates,8,W3,0.7,M1_RescueSched,5,0.0188,0.38003904192358934,197.0,375.0,0.14686388644031734,0.2532,0.2532,12.0251,25.2875,30.0722,0.0,0.2532,0.00569569,0.0235973
candidates-8,k-candidates,8,W3,0.85,L0_RandomCore,5,0.5952,0.18531234835791655,916.0,1040.0,0.0,0.0,0.0,12.2326,25.47,1.0132,0.0,0.0,0.0,0.5952
candidates-8,k-candidates,8,W3,0.85,L1_WorkStealingPolling,5,0.0404,0.44783919222837093,159.0,320.0,0.6823701086142027,0.665,0.0,12.0801,25.2969,2.944,0.0,0.0,0.0,0.0404
candidates-8,k-candidates,8,W3,0.85,M0_AltoThreshold,5,0.0454,0.4427972391272079,208.0,387.0,0.20714915346971033,0.3508,0.0,11.9929,25.241,19.7402,0.0,0.0,0.0,0.0454
candidates-8,k-candidates,8,W3,0.85,M1_RescueSched,5,0.0404,0.44487301925805045,214.0,388.0,0.20389546803757766,0.339,0.339,12.0275,25.2783,47.115,0.0,0.339,0.0163743,0.0528875
candidates-8,k-candidates,8,W3,0.9,L0_RandomCore,5,0.67,0.15275823978700706,1070.0,1160.0,0.0,0.0,0.0,12.1575,25.4038,1.0158,0.0,0.0,0.0,0.67
candidates-8,k-candidates,8,W3,0.9,L1_WorkStealingPolling,5,0.096,0.44615536472213996,159.0,320.0,0.6153940849265934,0.5812,0.0,12.0604,25.2821,2.8384,0.0,0.0,0.0,0.096
candidates-8,k-candidates,8,W3,0.9,M0_AltoThreshold,5,0.0856,0.44815181485801664,212.0,387.0,0.2430355025988632,0.3996,0.0,12.0669,25.2999,24.8978,0.0,0.0,0.0,0.0856
candidates-8,k-candidates,8,W3,0.9,M1_RescueSched,5,0.0692,0.4558678042138876,220.0,395.0,0.22243795709783043,0.3516,0.3516,12.0548,25.3001,67.6308,0.0,0.3516,0.0301479,0.0942075
check-2,check-period-us,2,W2,0.85,L0_RandomCore,5,0.6464,0.15134524349634906,1140.0,1330.0,0.0,0.0,0.0,0.0,0.0,1.0116,0.0,0.0,0.0,0.6464
check-2,check-period-us,2,W2,0.85,L1_WorkStealingPolling,5,0.0674,0.4211218505940746,163.0,229.0,0.7028690731707318,0.6662,0.0,0.0,0.0,3.011,0.0,0.0,0.0,0.0674
check-2,check-period-us,2,W2,0.85,M0_AltoThreshold,5,0.0816,0.415452818239392,195.0,209.0,0.2822532682926829,0.4594,0.0,0.0,0.0,14.7662,0.0,0.0,0.0,0.0816
check-2,check-period-us,2,W2,0.85,M1_RescueSched,5,0.0638,0.42256826901376665,199.0,323.0,0.24892844372044978,0.4168,0.4168,0.0,0.0,40.35,0.0,0.4168,0.00332226,0.107427
check-2,check-period-us,2,W3,0.7,L0_RandomCore,5,0.3908,0.23275202692366528,720.0,814.0,0.0,0.0,0.0,12.0693,25.2652,1.0074,0.0,0.0,0.0,0.3908
check-2,check-period-us,2,W3,0.7,L1_WorkStealingPolling,5,0.0076,0.38560152443511464,152.0,320.0,0.6646676764894887,0.6534,0.0,12.0752,25.2549,3.353,0.0,0.0,0.0,0.0076
check-2,check-period-us,2,W3,0.7,M0_AltoThreshold,5,0.025,0.3784122951073653,198.0,378.0,0.14498085048177758,0.2482,0.0,12.0203,25.2841,8.9148,0.0,0.0,0.0,0.025
check-2,check-period-us,2,W3,0.7,M1_RescueSched,5,0.02,0.38064631872889093,199.0,375.0,0.14732514666099275,0.2536,0.2536,12.037,25.2958,16.4978,0.0,0.2536,0.0055205,0.0246813
check-2,check-period-us,2,W3,0.85,L0_RandomCore,5,0.5952,0.18531234835791655,916.0,1040.0,0.0,0.0,0.0,12.2326,25.47,1.0132,0.0,0.0,0.0,0.5952
check-2,check-period-us,2,W3,0.85,L1_WorkStealingPolling,5,0.0404,0.44783919222837093,159.0,320.0,0.6823701086142027,0.665,0.0,12.0801,25.2969,2.944,0.0,0.0,0.0,0.0404
check-2,check-period-us,2,W3,0.85,M0_AltoThreshold,5,0.0542,0.43828024356110806,208.0,381.0,0.20173561506428767,0.3354,0.0,12.0194,25.2945,11.9584,0.0,0.0,0.0,0.0542
check-2,check-period-us,2,W3,0.85,M1_RescueSched,5,0.0436,0.4435581114924404,213.0,389.0,0.20528779950426881,0.3378,0.3378,12.0708,25.2905,26.085,0.0,0.3378,0.0193776,0.0561116
check-2,check-period-us,2,W3,0.9,L0_RandomCore,5,0.67,0.15275823978700706,1070.0,1160.0,0.0,0.0,0.0,12.1575,25.4038,1.0158,0.0,0.0,0.0,0.67
check-2,check-period-us,2,W3,0.9,L1_WorkStealingPolling,5,0.096,0.44615536472213996,159.0,320.0,0.6153940849265934,0.5812,0.0,12.0604,25.2821,2.8384,0.0,0.0,0.0,0.096
check-2,check-period-us,2,W3,0.9,M0_AltoThreshold,5,0.0918,0.44511316519471866,217.0,387.0,0.23587951001550198,0.387,0.0,12.0878,25.3384,15.2112,0.0,0.0,0.0,0.0918
check-2,check-period-us,2,W3,0.9,M1_RescueSched,5,0.0724,0.454621198012135,222.0,387.0,0.22255041463937086,0.3484,0.3484,12.0695,25.3208,36.5812,0.0,0.3484,0.03125,0.0960327
check-5,check-period-us,5,W2,0.85,L0_RandomCore,5,0.6464,0.15134524349634906,1140.0,1330.0,0.0,0.0,0.0,0.0,0.0,1.0116,0.0,0.0,0.0,0.6464
check-5,check-period-us,5,W2,0.85,L1_WorkStealingPolling,5,0.0674,0.4211218505940746,163.0,229.0,0.7028690731707318,0.6662,0.0,0.0,0.0,3.011,0.0,0.0,0.0,0.0674
check-5,check-period-us,5,W2,0.85,M0_AltoThreshold,5,0.1672,0.3762333297191803,263.0,453.0,0.24123091090476556,0.3418,0.0,0.0,0.0,18.8666,0.0,0.0,0.0,0.1672
check-5,check-period-us,5,W2,0.85,M1_RescueSched,5,0.1754,0.3711338350196233,222.0,307.0,0.2417849756097561,0.3294,0.3294,0.0,0.0,31.5518,0.0,0.3294,0.00364299,0.259767
check-5,check-period-us,5,W3,0.7,L0_RandomCore,5,0.3908,0.23275202692366528,720.0,814.0,0.0,0.0,0.0,12.0693,25.2652,1.0074,0.0,0.0,0.0,0.3908
check-5,check-period-us,5,W3,0.7,L1_WorkStealingPolling,5,0.0076,0.38560152443511464,152.0,320.0,0.6646676764894887,0.6534,0.0,12.0752,25.2549,3.353,0.0,0.0,0.0,0.0076
check-5,check-period-us,5,W3,0.7,M0_AltoThreshold,5,0.0472,0.36871212062120234,198.0,375.0,0.13743382600446769,0.2304,0.0,12.015,25.2682,5.7336,0.0,0.0,0.0,0.0472
check-5,check-period-us,5,W3,0.7,M1_RescueSched,5,0.037,0.3715766099185788,204.0,375.0,0.14363886440317333,0.2416,0.2416,12.0081,25.2762,10.04,0.0,0.2416,0.0118846,0.0450689
check-5,check-period-us,5,W3,0.85,L0_RandomCore,5,0.5952,0.18531234835791655,916.0,1040.0,0.0,0.0,0.0,12.2326,25.47,1.0132,0.0,0.0,0.0,0.5952
check-5,check-period-us,5,W3,0.85,L1_WorkStealingPolling,5,0.0404,0.44783919222837093,159.0,320.0,0.6823701086142027,0.665,0.0,12.0801,25.2969,2.944,0.0,0.0,0.0,0.0404
check-5,check-period-us,5,W3,0.85,M0_AltoThreshold,5,0.1088,0.41259641292974936,209.0,381.0,0.18238776254597405,0.2942,0.0,12.0246,25.2496,9.5828,0.0,0.0,0.0,0.1088
check-5,check-period-us,5,W3,0.85,M1_RescueSched,5,0.094,0.42016417010620044,215.0,388.0,0.18557100890480124,0.2864,0.2864,12.0426,25.3053,17.6276,0.0,0.2864,0.0169033,0.126385
check-5,check-period-us,5,W3,0.9,L0_RandomCore,5,0.67,0.15275823978700706,1070.0,1160.0,0.0,0.0,0.0,12.1575,25.4038,1.0158,0.0,0.0,0.0,0.67
check-5,check-period-us,5,W3,0.9,L1_WorkStealingPolling,5,0.096,0.44615536472213996,159.0,320.0,0.6153940849265934,0.5812,0.0,12.0604,25.2821,2.8384,0.0,0.0,0.0,0.096
check-5,check-period-us,5,W3,0.9,M0_AltoThreshold,5,0.1706,0.40597558468511685,220.0,387.0,0.20123559986625733,0.3086,0.0,12.0871,25.3468,13.6668,0.0,0.0,0.0,0.1706
check-5,check-period-us,5,W3,0.9,M1_RescueSched,5,0.1552,0.4135135928888193,238.0,405.0,0.2023891303687042,0.288,0.288,12.1134,25.3266,25.5952,0.0,0.288,0.0270833,0.210108
control-accounting-unit,control-cost,normalized-1us-per-operation,W2,0.85,L0_RandomCore,5,0.6464,0.15134524349634906,1140.0,1330.0,0.0,0.0,0.0,0.0,0.0,1.0116,1.0116,0.0,0.0,0.6464
control-accounting-unit,control-cost,normalized-1us-per-operation,W2,0.85,L1_WorkStealingPolling,5,0.0674,0.4211218505940746,163.0,229.0,0.7028690731707318,0.6662,0.0,0.0,0.0,3.011,3.011,0.0,0.0,0.0674
control-accounting-unit,control-cost,normalized-1us-per-operation,W2,0.85,M0_AltoThreshold,5,0.0694,0.4207889453598365,195.0,205.0,0.2781080975609756,0.4712,0.0,0.0,0.0,19.675,19.675,0.0,0.0,0.0694
control-accounting-unit,control-cost,normalized-1us-per-operation,W2,0.85,M1_RescueSched,5,0.0518,0.4298238456586975,197.0,292.0,0.25882521934932834,0.4214,0.4214,0.0,0.0,69.2104,69.2104,0.4214,0.00239378,0.0888423
control-accounting-unit,control-cost,normalized-1us-per-operation,W3,0.7,L0_RandomCore,5,0.3908,0.23275202692366528,720.0,814.0,0.0,0.0,0.0,12.0693,25.2652,1.0074,1.0074,0.0,0.0,0.3908
control-accounting-unit,control-cost,normalized-1us-per-operation,W3,0.7,L1_WorkStealingPolling,5,0.0076,0.38560152443511464,152.0,320.0,0.6646676764894887,0.6534,0.0,12.0752,25.2549,3.353,3.353,0.0,0.0,0.0076
control-accounting-unit,control-cost,normalized-1us-per-operation,W3,0.7,M0_AltoThreshold,5,0.0228,0.37934186471663617,199.0,386.0,0.14485394692847808,0.2478,0.0,12.0552,25.3234,14.9016,14.9016,0.0,0.0,0.0228
control-accounting-unit,control-cost,normalized-1us-per-operation,W3,0.7,M1_RescueSched,5,0.0188,0.38003904192358934,197.0,375.0,0.14686388644031734,0.2532,0.2532,12.0251,25.2875,30.0722,30.0722,0.2532,0.00569569,0.0235973
control-accounting-unit,control-cost,normalized-1us-per-operation,W3,0.85,L0_RandomCore,5,0.5952,0.18531234835791655,916.0,1040.0,0.0,0.0,0.0,12.2326,25.47,1.0132,1.0132,0.0,0.0,0.5952
control-accounting-unit,control-cost,normalized-1us-per-operation,W3,0.85,L1_WorkStealingPolling,5,0.0404,0.44783919222837093,159.0,320.0,0.6823701086142027,0.665,0.0,12.0801,25.2969,2.944,2.944,0.0,0.0,0.0404
control-accounting-unit,control-cost,normalized-1us-per-operation,W3,0.85,M0_AltoThreshold,5,0.0454,0.4427972391272079,208.0,387.0,0.20714915346971033,0.3508,0.0,11.9929,25.241,19.7402,19.7402,0.0,0.0,0.0454
control-accounting-unit,control-cost,normalized-1us-per-operation,W3,0.85,M1_RescueSched,5,0.0404,0.44487301925805045,214.0,388.0,0.20389546803757766,0.339,0.339,12.0275,25.2783,47.115,47.115,0.339,0.0163743,0.0528875
control-accounting-unit,control-cost,normalized-1us-per-operation,W3,0.9,L0_RandomCore,5,0.67,0.15275823978700706,1070.0,1160.0,0.0,0.0,0.0,12.1575,25.4038,1.0158,1.0158,0.0,0.0,0.67
control-accounting-unit,control-cost,normalized-1us-per-operation,W3,0.9,L1_WorkStealingPolling,5,0.096,0.44615536472213996,159.0,320.0,0.6153940849265934,0.5812,0.0,12.0604,25.2821,2.8384,2.8384,0.0,0.0,0.096
control-accounting-unit,control-cost,normalized-1us-per-operation,W3,0.9,M0_AltoThreshold,5,0.0856,0.44815181485801664,212.0,387.0,0.2430355025988632,0.3996,0.0,12.0669,25.2999,24.8978,24.8978,0.0,0.0,0.0856
control-accounting-unit,control-cost,normalized-1us-per-operation,W3,0.9,M1_RescueSched,5,0.0692,0.4558678042138876,220.0,395.0,0.22292144802472538,0.3516,0.3516,12.0548,25.3001,67.6308,67.6308,0.3516,0.0301479,0.0942075
epsilon-0,epsilon-us,0,W2,0.85,L0_RandomCore,5,0.6464,0.15134524349634906,1140.0,1330.0,0.0,0.0,0.0,0.0,0.0,1.0116,0.0,0.0,0.0,0.6464
epsilon-0,epsilon-us,0,W2,0.85,L1_WorkStealingPolling,5,0.0674,0.4211218505940746,163.0,229.0,0.7028690731707318,0.6662,0.0,0.0,0.0,3.011,0.0,0.0,0.0,0.0674
epsilon-0,epsilon-us,0,W2,0.85,M0_AltoThreshold,5,0.0694,0.4207889453598365,195.0,205.0,0.2781080975609756,0.4712,0.0,0.0,0.0,19.675,0.0,0.0,0.0,0.0694
epsilon-0,epsilon-us,0,W2,0.85,M1_RescueSched,5,0.0496,0.4284052901562345,196.0,282.0,0.2647110243902439,0.4256,0.4256,0.0,0.0,66.5902,0.0,0.4256,0.00373657,0.084645
epsilon-0,epsilon-us,0,W3,0.7,L0_RandomCore,5,0.3908,0.23275202692366528,720.0,814.0,0.0,0.0,0.0,12.0693,25.2652,1.0074,0.0,0.0,0.0,0.3908
epsilon-0,epsilon-us,0,W3,0.7,L1_WorkStealingPolling,5,0.0076,0.38560152443511464,152.0,320.0,0.6646676764894887,0.6534,0.0,12.0752,25.2549,3.353,0.0,0.0,0.0,0.0076
epsilon-0,epsilon-us,0,W3,0.7,M0_AltoThreshold,5,0.0228,0.37934186471663617,199.0,386.0,0.14485394692847808,0.2478,0.0,12.0552,25.3234,14.9016,0.0,0.0,0.0,0.0228
epsilon-0,epsilon-us,0,W3,0.7,M1_RescueSched,5,0.0188,0.38003904192358934,197.0,375.0,0.14686388644031734,0.2532,0.2532,12.0251,25.2875,30.0722,0.0,0.2532,0.00569569,0.0235973
epsilon-0,epsilon-us,0,W3,0.85,L0_RandomCore,5,0.5952,0.18531234835791655,916.0,1040.0,0.0,0.0,0.0,12.2326,25.47,1.0132,0.0,0.0,0.0,0.5952
epsilon-0,epsilon-us,0,W3,0.85,L1_WorkStealingPolling,5,0.0404,0.44783919222837093,159.0,320.0,0.6823701086142027,0.665,0.0,12.0801,25.2969,2.944,0.0,0.0,0.0,0.0404
epsilon-0,epsilon-us,0,W3,0.85,M0_AltoThreshold,5,0.0454,0.4427972391272079,208.0,387.0,0.20714915346971033,0.3508,0.0,11.9929,25.241,19.7402,0.0,0.0,0.0,0.0454
epsilon-0,epsilon-us,0,W3,0.85,M1_RescueSched,5,0.0408,0.4446875782329325,209.0,393.0,0.20231162041399436,0.343,0.343,12.011,25.2367,46.5824,0.0,0.343,0.0215743,0.0508371
epsilon-0,epsilon-us,0,W3,0.9,L0_RandomCore,5,0.67,0.15275823978700706,1070.0,1160.0,0.0,0.0,0.0,12.1575,25.4038,1.0158,0.0,0.0,0.0,0.67
epsilon-0,epsilon-us,0,W3,0.9,L1_WorkStealingPolling,5,0.096,0.44615536472213996,159.0,320.0,0.6153940849265934,0.5812,0.0,12.0604,25.2821,2.8384,0.0,0.0,0.0,0.096
epsilon-0,epsilon-us,0,W3,0.9,M0_AltoThreshold,5,0.0856,0.44815181485801664,212.0,387.0,0.2430355025988632,0.3996,0.0,12.0669,25.2999,24.8978,0.0,0.0,0.0,0.0856
epsilon-0,epsilon-us,0,W3,0.9,M1_RescueSched,5,0.0776,0.4520726531332399,224.0,387.0,0.2281304507481869,0.3622,0.3622,11.9996,25.3046,68.0512,0.0,0.3622,0.0423139,0.0986275
epsilon-5,epsilon-us,5,W2,0.85,L0_RandomCore,5,0.6464,0.15134524349634906,1140.0,1330.0,0.0,0.0,0.0,0.0,0.0,1.0116,0.0,0.0,0.0,0.6464
epsilon-5,epsilon-us,5,W2,0.85,L1_WorkStealingPolling,5,0.0674,0.4211218505940746,163.0,229.0,0.7028690731707318,0.6662,0.0,0.0,0.0,3.011,0.0,0.0,0.0,0.0674
epsilon-5,epsilon-us,5,W2,0.85,M0_AltoThreshold,5,0.0694,0.4207889453598365,195.0,205.0,0.2781080975609756,0.4712,0.0,0.0,0.0,19.675,0.0,0.0,0.0,0.0694
epsilon-5,epsilon-us,5,W2,0.85,M1_RescueSched,5,0.0548,0.42690032067205635,196.0,279.0,0.262937756097561,0.4218,0.4218,0.0,0.0,68.865,0.0,0.4218,0.00281955,0.0930474
epsilon-5,epsilon-us,5,W3,0.7,L0_RandomCore,5,0.3908,0.23275202692366528,720.0,814.0,0.0,0.0,0.0,12.0693,25.2652,1.0074,0.0,0.0,0.0,0.3908
epsilon-5,epsilon-us,5,W3,0.7,L1_WorkStealingPolling,5,0.0076,0.38560152443511464,152.0,320.0,0.6646676764894887,0.6534,0.0,12.0752,25.2549,3.353,0.0,0.0,0.0,0.0076
epsilon-5,epsilon-us,5,W3,0.7,M0_AltoThreshold,5,0.0228,0.37934186471663617,199.0,386.0,0.14485394692847808,0.2478,0.0,12.0552,25.3234,14.9016,0.0,0.0,0.0,0.0228
epsilon-5,epsilon-us,5,W3,0.7,M1_RescueSched,5,0.0188,0.38003904192358934,197.0,375.0,0.14686388644031734,0.2532,0.2532,12.0251,25.2875,30.0722,0.0,0.2532,0.00569569,0.0235973
epsilon-5,epsilon-us,5,W3,0.85,L0_RandomCore,5,0.5952,0.18531234835791655,916.0,1040.0,0.0,0.0,0.0,12.2326,25.47,1.0132,0.0,0.0,0.0,0.5952
epsilon-5,epsilon-us,5,W3,0.85,L1_WorkStealingPolling,5,0.0404,0.44783919222837093,159.0,320.0,0.6823701086142027,0.665,0.0,12.0801,25.2969,2.944,0.0,0.0,0.0,0.0404
epsilon-5,epsilon-us,5,W3,0.85,M0_AltoThreshold,5,0.0454,0.4427972391272079,208.0,387.0,0.20714915346971033,0.3508,0.0,11.9929,25.241,19.7402,0.0,0.0,0.0,0.0454
epsilon-5,epsilon-us,5,W3,0.85,M1_RescueSched,5,0.0424,0.44443206816852776,210.0,381.0,0.20051977263746618,0.3326,0.3326,12.0609,25.2813,45.7942,0.0,0.3326,0.0108238,0.0581361
epsilon-5,epsilon-us,5,W3,0.9,L0_RandomCore,5,0.67,0.15275823978700706,1070.0,1160.0,0.0,0.0,0.0,12.1575,25.4038,1.0158,0.0,0.0,0.0,0.67
epsilon-5,epsilon-us,5,W3,0.9,L1_WorkStealingPolling,5,0.096,0.44615536472213996,159.0,320.0,0.6153940849265934,0.5812,0.0,12.0604,25.2821,2.8384,0.0,0.0,0.0,0.096
epsilon-5,epsilon-us,5,W3,0.9,M0_AltoThreshold,5,0.0856,0.44815181485801664,212.0,387.0,0.2430355025988632,0.3996,0.0,12.0669,25.2999,24.8978,0.0,0.0,0.0,0.0856
epsilon-5,epsilon-us,5,W3,0.9,M1_RescueSched,5,0.0708,0.45490150001958246,223.0,387.0,0.22916551914073258,0.3478,0.3478,12.107,25.3774,66.8864,0.0,0.3478,0.0222603,0.100412
ewma-0.01,ewma-alpha,0.01,W2,0.85,L0_RandomCore,5,0.6464,0.15134524349634906,1140.0,1330.0,0.0,0.0,0.0,0.0,0.0,1.0116,0.0,0.0,0.0,0.6464
ewma-0.01,ewma-alpha,0.01,W2,0.85,L1_WorkStealingPolling,5,0.0674,0.4211218505940746,163.0,229.0,0.7028690731707318,0.6662,0.0,0.0,0.0,3.011,0.0,0.0,0.0,0.0674
ewma-0.01,ewma-alpha,0.01,W2,0.85,M0_AltoThreshold,5,0.0694,0.4207889453598365,195.0,205.0,0.2781080975609756,0.4712,0.0,0.0,0.0,19.675,0.0,0.0,0.0,0.0694
ewma-0.01,ewma-alpha,0.01,W2,0.85,M1_RescueSched,5,0.0518,0.4298238456586975,197.0,292.0,0.25882521934932834,0.4214,0.4214,0.0,0.0,69.2104,0.0,0.4214,0.00239378,0.0888423
ewma-0.01,ewma-alpha,0.01,W3,0.7,L0_RandomCore,5,0.3908,0.23275202692366528,720.0,814.0,0.0,0.0,0.0,11.975,25.1304,1.0074,0.0,0.0,0.0,0.3908
ewma-0.01,ewma-alpha,0.01,W3,0.7,L1_WorkStealingPolling,5,0.008,0.38552406330123856,152.0,319.0,0.6661487499617491,0.6534,0.0,11.9812,25.1313,3.3534,0.0,0.0,0.0,0.008
ewma-0.01,ewma-alpha,0.01,W3,0.7,M0_AltoThreshold,5,0.0244,0.37903200818021254,198.0,375.0,0.14273762120429193,0.2472,0.0,11.969,25.139,14.8232,0.0,0.0,0.0,0.0244
ewma-0.01,ewma-alpha,0.01,W3,0.7,M1_RescueSched,5,0.0188,0.38041231484442645,197.0,375.0,0.1436859782972127,0.25,0.25,11.9727,25.144,30.0082,0.0,0.25,0.00606061,0.0230165
ewma-0.01,ewma-alpha,0.01,W3,0.85,L0_RandomCore,5,0.5952,0.18531234835791655,916.0,1040.0,0.0,0.0,0.0,12.0003,25.1522,1.0132,0.0,0.0,0.0,0.5952
ewma-0.01,ewma-alpha,0.01,W3,0.85,L1_WorkStealingPolling,5,0.0408,0.44755923440868245,158.0,320.0,0.684894974719788,0.658,0.0,11.9776,25.1342,2.944,0.0,0.0,0.0,0.0408
ewma-0.01,ewma-alpha,0.01,W3,0.85,M0_AltoThreshold,5,0.044,0.44368949161352605,206.0,378.0,0.20222423173956655,0.3464,0.0,11.9728,25.1366,19.5056,0.0,0.0,0.0,0.044
ewma-0.01,ewma-alpha,0.01,W3,0.85,M1_RescueSched,5,0.0376,0.44665979783353293,212.0,381.0,0.19834949390558984,0.3378,0.3378,11.9689,25.1379,45.3106,0.0,0.3378,0.0153937,0.0489278
ewma-0.01,ewma-alpha,0.01,W3,0.9,L0_RandomCore,5,0.67,0.15275823978700706,1070.0,1160.0,0.0,0.0,0.0,11.9826,25.1482,1.0158,0.0,0.0,0.0,0.67
ewma-0.01,ewma-alpha,0.01,W3,0.9,L1_WorkStealingPolling,5,0.0918,0.44822821044319416,163.0,321.0,0.6242013435058816,0.5868,0.0,11.9776,25.1408,2.8384,0.0,0.0,0.0,0.0918
ewma-0.01,ewma-alpha,0.01,W3,0.9,M0_AltoThreshold,5,0.089,0.4496766869045856,215.0,385.0,0.2393598589622785,0.4066,0.0,11.9823,25.1485,24.388,0.0,0.0,0.0,0.089
ewma-0.01,ewma-alpha,0.01,W3,0.9,M1_RescueSched,5,0.0716,0.45501328183965734,227.0,386.0,0.22538174362740598,0.354,0.354,11.9774,25.1532,65.3608,0.0,0.354,0.0401499,0.0903576
ewma-0.20,ewma-alpha,0.20,W2,0.85,L0_RandomCore,5,0.6464,0.15134524349634906,1140.0,1330.0,0.0,0.0,0.0,0.0,0.0,1.0116,0.0,0.0,0.0,0.6464
ewma-0.20,ewma-alpha,0.20,W2,0.85,L1_WorkStealingPolling,5,0.0674,0.4211218505940746,163.0,229.0,0.7028690731707318,0.6662,0.0,0.0,0.0,3.011,0.0,0.0,0.0,0.0674
ewma-0.20,ewma-alpha,0.20,W2,0.85,M0_AltoThreshold,5,0.0694,0.4207889453598365,195.0,205.0,0.2781080975609756,0.4712,0.0,0.0,0.0,19.675,0.0,0.0,0.0,0.0694
ewma-0.20,ewma-alpha,0.20,W2,0.85,M1_RescueSched,5,0.0518,0.4298238456586975,197.0,292.0,0.25882521934932834,0.4214,0.4214,0.0,0.0,69.2104,0.0,0.4214,0.00239378,0.0888423
ewma-0.20,ewma-alpha,0.20,W3,0.7,L0_RandomCore,5,0.3908,0.23275202692366528,720.0,814.0,0.0,0.0,0.0,12.5192,26.0789,1.0074,0.0,0.0,0.0,0.3908
ewma-0.20,ewma-alpha,0.20,W3,0.7,L1_WorkStealingPolling,5,0.0084,0.38552406330123856,152.0,319.0,0.6726399216622296,0.6592,0.0,12.5211,25.9905,3.3534,0.0,0.0,0.0,0.0084
ewma-0.20,ewma-alpha,0.20,W3,0.7,M0_AltoThreshold,5,0.0238,0.3788770799120007,197.0,375.0,0.1536984406820876,0.2498,0.0,12.4777,26.0849,14.7028,0.0,0.0,0.0,0.0238
ewma-0.20,ewma-alpha,0.20,W3,0.7,M1_RescueSched,5,0.0198,0.3796323018962115,198.0,375.0,0.15453661205507768,0.256,0.256,12.4076,26.072,29.774,0.0,0.256,0.00625,0.0244624
ewma-0.20,ewma-alpha,0.20,W3,0.85,L0_RandomCore,5,0.5952,0.18531234835791655,916.0,1040.0,0.0,0.0,0.0,12.8841,26.6424,1.0132,0.0,0.0,0.0,0.5952
ewma-0.20,ewma-alpha,0.20,W3,0.85,L1_WorkStealingPolling,5,0.0406,0.4476066063263973,155.0,320.0,0.6903808990447945,0.6654,0.0,12.5236,26.2334,2.9442,0.0,0.0,0.0,0.0406
ewma-0.20,ewma-alpha,0.20,W3,0.85,M0_AltoThreshold,5,0.0472,0.4415240178314906,209.0,387.0,0.2176897474087358,0.3508,0.0,12.6403,26.3225,19.634,0.0,0.0,0.0,0.0472
ewma-0.20,ewma-alpha,0.20,W3,0.85,M1_RescueSched,5,0.0392,0.4453550139521086,214.0,388.0,0.20955804127785038,0.3396,0.3396,12.5004,26.2232,44.5548,0.0,0.3396,0.0188457,0.0496669
ewma-0.20,ewma-alpha,0.20,W3,0.9,L0_RandomCore,5,0.67,0.15275823978700706,1070.0,1160.0,0.0,0.0,0.0,12.7797,26.5335,1.0158,0.0,0.0,0.0,0.67
ewma-0.20,ewma-alpha,0.20,W3,0.9,L1_WorkStealingPolling,5,0.0878,0.45019346178142766,162.0,321.0,0.623959694823551,0.59,0.0,12.4426,26.0922,2.8386,0.0,0.0,0.0,0.0878
ewma-0.20,ewma-alpha,0.20,W3,0.9,M0_AltoThreshold,5,0.081,0.45008864640369867,212.0,387.0,0.25039970819781754,0.403,0.0,12.4499,26.0323,23.3878,0.0,0.0,0.0,0.081
ewma-0.20,ewma-alpha,0.20,W3,0.9,M1_RescueSched,5,0.0652,0.4581499524598359,219.0,387.0,0.23326677682915634,0.3532,0.3532,12.6156,26.4842,60.1956,0.0,0.3532,0.0379547,0.0818563
handoff-0,handoff-us,0,W2,0.85,L0_RandomCore,5,0.6464,0.15134524349634906,1140.0,1330.0,0.0,0.0,0.0,0.0,0.0,1.0116,0.0,0.0,0.0,0.6464
handoff-0,handoff-us,0,W2,0.85,L1_WorkStealingPolling,5,0.066,0.42274328231828706,159.0,206.0,0.6998204140013509,0.6718,0.0,0.0,0.0,3.0124,0.0,0.0,0.0,0.066
handoff-0,handoff-us,0,W2,0.85,M0_AltoThreshold,5,0.0706,0.42023114069197515,195.0,205.0,0.28305560975609756,0.473,0.0,0.0,0.0,19.0484,0.0,0.0,0.0,0.0706
handoff-0,handoff-us,0,W2,0.85,M1_RescueSched,5,0.0546,0.4273419277849097,197.0,259.0,0.2648429268292683,0.419,0.419,0.0,0.0,68.4814,0.0,0.419,0.0,0.095122
handoff-0,handoff-us,0,W3,0.7,L0_RandomCore,5,0.3908,0.23275202692366528,720.0,814.0,0.0,0.0,0.0,12.0693,25.2652,1.0074,0.0,0.0,0.0,0.3908
handoff-0,handoff-us,0,W3,0.7,L1_WorkStealingPolling,5,0.0076,0.3856164595792148,152.0,320.0,0.6638751185776799,0.6598,0.0,12.0858,25.2521,3.3532,0.0,0.0,0.0,0.0076
handoff-0,handoff-us,0,W3,0.7,M0_AltoThreshold,5,0.021,0.37992920381400896,197.0,375.0,0.1448303899814584,0.2502,0.0,12.0209,25.2647,14.9078,0.0,0.0,0.0,0.021
handoff-0,handoff-us,0,W3,0.7,M1_RescueSched,5,0.0196,0.38089114739875435,197.0,375.0,0.1466609927353415,0.2534,0.2534,12.0067,25.2762,29.626,0.0,0.2534,0.00157853,0.0240801
handoff-0,handoff-us,0,W3,0.85,L0_RandomCore,5,0.5952,0.18531234835791655,916.0,1040.0,0.0,0.0,0.0,12.2326,25.47,1.0132,0.0,0.0,0.0,0.5952
handoff-0,handoff-us,0,W3,0.85,L1_WorkStealingPolling,5,0.0346,0.4504269117715672,155.0,320.0,0.6918409200261872,0.6742,0.0,12.0653,25.2863,2.9442,0.0,0.0,0.0,0.0346
handoff-0,handoff-us,0,W3,0.85,M0_AltoThreshold,5,0.047,0.44229716057289786,211.0,381.0,0.21056412374919672,0.3516,0.0,12.0337,25.249,19.9282,0.0,0.0,0.0,0.047
handoff-0,handoff-us,0,W3,0.85,M1_RescueSched,5,0.0418,0.4447105343766534,217.0,388.0,0.2012614365178273,0.3348,0.3348,12.0411,25.3043,47.1784,0.0,0.3348,0.0149343,0.0553217
handoff-0,handoff-us,0,W3,0.9,L0_RandomCore,5,0.67,0.15275823978700706,1070.0,1160.0,0.0,0.0,0.0,12.1575,25.4038,1.0158,0.0,0.0,0.0,0.67
handoff-0,handoff-us,0,W3,0.9,L1_WorkStealingPolling,5,0.0784,0.4548640244805291,162.0,319.0,0.635827836712362,0.6024,0.0,12.0634,25.2964,2.8384,0.0,0.0,0.0,0.0784
handoff-0,handoff-us,0,W3,0.9,M0_AltoThreshold,5,0.0798,0.4509944226075535,215.0,387.0,0.24561080883917447,0.4076,0.0,12.0977,25.3288,24.6766,0.0,0.0,0.0,0.0798
handoff-0,handoff-us,0,W3,0.9,M1_RescueSched,5,0.0734,0.4541310932277321,224.0,387.0,0.2247184736375042,0.3508,0.3508,12.0702,25.3678,64.9752,0.0,0.3508,0.0375505,0.0929712
handoff-2,handoff-us,2,W2,0.85,L0_RandomCore,5,0.6464,0.15134524349634906,1140.0,1330.0,0.0,0.0,0.0,0.0,0.0,1.0116,0.0,0.0,0.0,0.6464
handoff-2,handoff-us,2,W2,0.85,L1_WorkStealingPolling,5,0.0874,0.4117239080894605,182.0,226.0,0.7065720205663417,0.6508,0.0,0.0,0.0,3.013,0.0,0.0,0.0,0.0874
handoff-2,handoff-us,2,W2,0.85,M0_AltoThreshold,5,0.0776,0.4179429089261441,195.0,207.0,0.2904913170731707,0.4704,0.0,0.0,0.0,20.1476,0.0,0.0,0.0,0.0776
handoff-2,handoff-us,2,W2,0.85,M1_RescueSched,5,0.06,0.42509700351835605,197.0,263.0,0.25333876853792997,0.425,0.425,0.0,0.0,71.415,0.0,0.425,0.013844,0.0953053
handoff-2,handoff-us,2,W3,0.7,L0_RandomCore,5,0.3908,0.23275202692366528,720.0,814.0,0.0,0.0,0.0,12.0693,25.2652,1.0074,0.0,0.0,0.0,0.3908
handoff-2,handoff-us,2,W3,0.7,L1_WorkStealingPolling,5,0.0104,0.3849459867580439,154.0,322.0,0.6752613677330366,0.6668,0.0,12.065,25.2417,3.354,0.0,0.0,0.0,0.0104
handoff-2,handoff-us,2,W3,0.7,M0_AltoThreshold,5,0.0266,0.377932872181383,197.0,375.0,0.14668530958387793,0.2498,0.0,12.0065,25.2608,15.0716,0.0,0.0,0.0,0.0266
handoff-2,handoff-us,2,W3,0.7,M1_RescueSched,5,0.0246,0.3793282374170365,198.0,378.0,0.14653332928052526,0.2528,0.2528,11.9988,25.2564,30.8222,0.0,0.2528,0.0162338,0.024838
handoff-2,handoff-us,2,W3,0.85,L0_RandomCore,5,0.5952,0.18531234835791655,916.0,1040.0,0.0,0.0,0.0,12.2326,25.47,1.0132,0.0,0.0,0.0,0.5952
handoff-2,handoff-us,2,W3,0.85,L1_WorkStealingPolling,5,0.0592,0.43886737883099314,160.0,325.0,0.6740326453691602,0.6428,0.0,12.0705,25.2868,2.9446,0.0,0.0,0.0,0.0592
handoff-2,handoff-us,2,W3,0.85,M0_AltoThreshold,5,0.0534,0.43878515936439655,209.0,387.0,0.21107100519772637,0.3508,0.0,12.0059,25.2681,20.0568,0.0,0.0,0.0,0.0534
handoff-2,handoff-us,2,W3,0.85,M1_RescueSched,5,0.0472,0.44220433850352264,211.0,388.0,0.204358795100155,0.3386,0.3386,12.0467,25.2914,46.6402,0.0,0.3386,0.0316344,0.0552688
handoff-2,handoff-us,2,W3,0.9,L0_RandomCore,5,0.67,0.15275823978700706,1070.0,1160.0,0.0,0.0,0.0,12.1575,25.4038,1.0158,0.0,0.0,0.0,0.67
handoff-2,handoff-us,2,W3,0.9,L1_WorkStealingPolling,5,0.1386,0.4250720461095101,164.0,333.0,0.5688303595853977,0.5336,0.0,12.0476,25.2814,2.8388,0.0,0.0,0.0,0.1386
handoff-2,handoff-us,2,W3,0.9,M0_AltoThreshold,5,0.0976,0.4422705574451818,217.0,387.0,0.24080671145019605,0.4042,0.0,12.0362,25.3146,25.3294,0.0,0.0,0.0,0.0976
handoff-2,handoff-us,2,W3,0.9,M1_RescueSched,5,0.0834,0.44923004538370304,219.0,387.0,0.22238287585299427,0.35,0.35,12.0392,25.2903,72.146,0.0,0.35,0.0468227,0.106417
handoff-5,handoff-us,5,W2,0.85,L0_RandomCore,5,0.6464,0.15134524349634906,1140.0,1330.0,0.0,0.0,0.0,0.0,0.0,1.0116,0.0,0.0,0.0,0.6464
handoff-5,handoff-us,5,W2,0.85,L1_WorkStealingPolling,5,0.1312,0.3922327649844259,212.0,295.0,0.6823344332744993,0.61,0.0,0.0,0.0,3.0158,0.0,0.0,0.0,0.1312
handoff-5,handoff-us,5,W2,0.85,M0_AltoThreshold,5,0.0832,0.41514594408570993,194.0,207.0,0.2783851707317073,0.4722,0.0,0.0,0.0,19.7102,0.0,0.0,0.0,0.0832
handoff-5,handoff-us,5,W2,0.85,M1_RescueSched,5,0.0622,0.42341658991168657,197.0,276.0,0.25118875689106296,0.4186,0.4186,0.0,0.0,67.6628,0.0,0.4186,0.0334174,0.0881213
handoff-5,handoff-us,5,W3,0.7,L0_RandomCore,5,0.3908,0.23275202692366528,720.0,814.0,0.0,0.0,0.0,12.0693,25.2652,1.0074,0.0,0.0,0.0,0.3908
handoff-5,handoff-us,5,W3,0.7,L1_WorkStealingPolling,5,0.0192,0.3819592794276437,155.0,325.0,0.6967146820483079,0.6828,0.0,12.0647,25.2482,3.3552,0.0,0.0,0.0,0.0192
handoff-5,handoff-us,5,W3,0.7,M0_AltoThreshold,5,0.0334,0.37482965807730423,198.0,375.0,0.14790647132131676,0.2536,0.0,12.0291,25.2862,15.3936,0.0,0.0,0.0,0.0334
handoff-5,handoff-us,5,W3,0.7,M1_RescueSched,5,0.0296,0.376940476559353,200.0,378.0,0.14823018936745797,0.2556,0.2556,12.0264,25.2976,31.66,0.0,0.2556,0.043036,0.025176
handoff-5,handoff-us,5,W3,0.85,L0_RandomCore,5,0.5952,0.18531234835791655,916.0,1040.0,0.0,0.0,0.0,12.2326,25.47,1.0132,0.0,0.0,0.0,0.5952
handoff-5,handoff-us,5,W3,0.85,L1_WorkStealingPolling,5,0.1098,0.4153640851445049,169.0,325.0,0.606199276573756,0.565,0.0,12.0482,25.2721,2.9442,0.0,0.0,0.0,0.1098
handoff-5,handoff-us,5,W3,0.85,M0_AltoThreshold,5,0.0658,0.432564083567936,208.0,381.0,0.20829508495698956,0.3492,0.0,12.0037,25.2625,20.9372,0.0,0.0,0.0,0.0658
handoff-5,handoff-us,5,W3,0.85,M1_RescueSched,5,0.0564,0.43793452331226274,218.0,381.0,0.20407535183440226,0.3392,0.3392,12.0206,25.2715,50.227,0.0,0.3392,0.063791,0.0576806
handoff-5,handoff-us,5,W3,0.9,L0_RandomCore,5,0.67,0.15275823978700706,1070.0,1160.0,0.0,0.0,0.0,12.1575,25.4038,1.0158,0.0,0.0,0.0,0.67
handoff-5,handoff-us,5,W3,0.9,L1_WorkStealingPolling,5,0.2272,0.38122299177173974,184.0,382.0,0.4566149427034256,0.4166,0.0,12.0742,25.2881,2.8396,0.0,0.0,0.0,0.2272
handoff-5,handoff-us,5,W3,0.9,M0_AltoThreshold,5,0.1186,0.4319656544666836,222.0,388.0,0.24380528283534453,0.4032,0.0,12.1066,25.3816,27.0268,0.0,0.0,0.0,0.1186
handoff-5,handoff-us,5,W3,0.9,M1_RescueSched,5,0.1056,0.4383497191699586,234.0,385.0,0.2235204565623183,0.3484,0.3484,12.0534,25.2943,78.9468,0.0,0.3484,0.0856031,0.116838
placement-flow-uniform,placement,flow-affine-uniform,W2,0.85,L0_RandomCore,5,0.6624,0.14412322193951604,957.0,1200.0,0.0,0.0,0.0,0.0,0.0,1.013,0.0,0.0,0.0,0.6624
placement-flow-uniform,placement,flow-affine-uniform,W2,0.85,L1_WorkStealingPolling,5,0.0696,0.4191999711766242,164.0,237.0,0.7099370731332975,0.6578,0.0,0.0,0.0,3.012,0.0,0.0,0.0,0.0696
placement-flow-uniform,placement,flow-affine-uniform,W2,0.85,M0_AltoThreshold,5,0.0602,0.42622088382555695,194.0,204.0,0.2779551219512195,0.476,0.0,0.0,0.0,18.5664,0.0,0.0,0.0,0.0602
placement-flow-uniform,placement,flow-affine-uniform,W2,0.85,M1_RescueSched,5,0.0438,0.43184507411187684,195.0,266.0,0.2506909293178116,0.4284,0.4284,0.0,0.0,59.503,0.0,0.4284,0.00381388,0.0761871
placement-flow-uniform,placement,flow-affine-uniform,W3,0.7,L0_RandomCore,5,0.3828,0.2317756447809172,486.0,675.0,0.0,0.0,0.0,12.0409,25.2172,1.01,0.0,0.0,0.0,0.3828
placement-flow-uniform,placement,flow-affine-uniform,W3,0.7,L1_WorkStealingPolling,5,0.0088,0.38567002323780014,152.0,320.0,0.6626740414333364,0.6522,0.0,12.075,25.2504,3.3532,0.0,0.0,0.0,0.0088
placement-flow-uniform,placement,flow-affine-uniform,W3,0.7,M0_AltoThreshold,5,0.022,0.3791051014326736,201.0,376.0,0.14555305632390042,0.2574,0.0,12.0485,25.2741,14.715,0.0,0.0,0.0,0.022
placement-flow-uniform,placement,flow-affine-uniform,W3,0.7,M1_RescueSched,5,0.0204,0.3800847391864417,200.0,376.0,0.14443296148819113,0.2606,0.2606,12.0466,25.275,29.581,0.0,0.2606,0.00499168,0.0249864
placement-flow-uniform,placement,flow-affine-uniform,W3,0.85,L0_RandomCore,5,0.6066,0.17352564950818225,739.0,918.0,0.0,0.0,0.0,12.1193,25.3093,1.016,0.0,0.0,0.0,0.6066
placement-flow-uniform,placement,flow-affine-uniform,W3,0.85,L1_WorkStealingPolling,5,0.0416,0.44714005785201083,156.0,320.0,0.690858896189432,0.6672,0.0,12.0657,25.306,2.9442,0.0,0.0,0.0,0.0416
placement-flow-uniform,placement,flow-affine-uniform,W3,0.85,M0_AltoThreshold,5,0.0364,0.44849895275773793,210.0,394.0,0.2055579196936077,0.354,0.0,12.0569,25.2856,19.5336,0.0,0.0,0.0,0.0364
placement-flow-uniform,placement,flow-affine-uniform,W3,0.85,M1_RescueSched,5,0.034,0.44961601117058414,208.0,386.0,0.2019385087692635,0.3406,0.3406,12.0503,25.2695,43.069,0.0,0.3406,0.0195707,0.0445195
placement-flow-uniform,placement,flow-affine-uniform,W3,0.9,L0_RandomCore,5,0.6952,0.13813231335369666,976.0,1120.0,0.0,0.0,0.0,12.0438,25.2789,1.018,0.0,0.0,0.0,0.6952
placement-flow-uniform,placement,flow-affine-uniform,W3,0.9,L1_WorkStealingPolling,5,0.0938,0.44724114105221596,163.0,320.0,0.6295062159944071,0.596,0.0,12.0774,25.3183,2.8384,0.0,0.0,0.0,0.0938
placement-flow-uniform,placement,flow-affine-uniform,W3,0.9,M0_AltoThreshold,5,0.0886,0.44681289158634757,215.0,384.0,0.24228775950636797,0.4096,0.0,12.0435,25.2402,24.3454,0.0,0.0,0.0,0.0886
placement-flow-uniform,placement,flow-affine-uniform,W3,0.9,M1_RescueSched,5,0.0716,0.4551203490367175,220.0,385.0,0.2301673303139913,0.3526,0.3526,12.0621,25.2464,65.216,0.0,0.3526,0.0385216,0.0922377
placement-flow-zipf,placement,flow-affine-zipf-1.1,W2,0.85,L0_RandomCore,5,0.7062,0.04866655623654132,19600.0,20400.0,0.0,0.0,0.0,0.0,0.0,1.0282,0.0,0.0,0.0,0.7062
placement-flow-zipf,placement,flow-affine-zipf-1.1,W2,0.85,L1_WorkStealingPolling,5,0.0698,0.41986073703079824,155.0,257.0,0.7160808840457371,0.675,0.0,0.0,0.0,3.0126,0.0,0.0,0.0,0.0698
placement-flow-zipf,placement,flow-affine-zipf-1.1,W2,0.85,M0_AltoThreshold,5,0.0614,0.4230875744825307,195.0,204.0,0.3865771707317073,0.5924,0.0,0.0,0.0,19.0882,0.0,0.0,0.0,0.0614
placement-flow-zipf,placement,flow-affine-zipf-1.1,W2,0.85,M1_RescueSched,5,0.0428,0.4150730670829539,200.0,579.0,0.3454010886407883,0.5272,0.5272,0.0,0.0,69.3426,0.0,0.5272,0.00224719,0.0917917
placement-flow-zipf,placement,flow-affine-zipf-1.1,W3,0.7,L0_RandomCore,5,0.607,0.062247650079052266,17800.0,18200.0,0.0,0.0,0.0,12.0521,25.3233,1.0214,0.0,0.0,0.0,0.607
placement-flow-zipf,placement,flow-affine-zipf-1.1,W3,0.7,L1_WorkStealingPolling,5,0.0074,0.38543764523625096,152.0,320.0,0.6846005957627891,0.6806,0.0,12.078,25.2495,3.3532,0.0,0.0,0.0,0.0074
placement-flow-zipf,placement,flow-affine-zipf-1.1,W3,0.7,M0_AltoThreshold,5,0.0228,0.37666903080576025,204.0,362.0,0.26381927231555435,0.3968,0.0,12.0894,25.3362,18.3568,0.0,0.0,0.0,0.0228
placement-flow-zipf,placement,flow-affine-zipf-1.1,W3,0.7,M1_RescueSched,5,0.0196,0.3779909837013062,207.0,374.0,0.26905275559227637,0.4018,0.4018,12.0771,25.3235,35.2416,0.0,0.4018,0.00545094,0.0293064
placement-flow-zipf,placement,flow-affine-zipf-1.1,W3,0.85,L0_RandomCore,5,0.6528,0.054518982226811785,19900.0,20500.0,0.0,0.0,0.0,12.1598,25.5074,1.0284,0.0,0.0,0.0,0.6528
placement-flow-zipf,placement,flow-affine-zipf-1.1,W3,0.85,L1_WorkStealingPolling,5,0.041,0.4474199869366427,155.0,320.0,0.7106902562727266,0.688,0.0,12.0826,25.3199,2.9444,0.0,0.0,0.0,0.041
placement-flow-zipf,placement,flow-affine-zipf-1.1,W3,0.85,M0_AltoThreshold,5,0.0476,0.44174397031539886,211.0,374.0,0.33941139569754275,0.4888,0.0,12.029,25.2566,22.7538,0.0,0.0,0.0,0.0476
placement-flow-zipf,placement,flow-affine-zipf-1.1,W3,0.85,M1_RescueSched,5,0.0398,0.445279168985346,215.0,374.0,0.33059533645460387,0.4702,0.4702,12.0862,25.3223,51.6404,0.0,0.4702,0.0170124,0.0610039
placement-flow-zipf,placement,flow-affine-zipf-1.1,W3,0.9,L0_RandomCore,5,0.667,0.05170534474887971,20500.0,21100.0,0.0,0.0,0.0,12.0591,25.4094,1.0304,0.0,0.0,0.0,0.667
placement-flow-zipf,placement,flow-affine-zipf-1.1,W3,0.9,L1_WorkStealingPolling,5,0.0974,0.4454644161484552,165.0,321.0,0.6541840177512994,0.6254,0.0,12.0775,25.2943,2.8384,0.0,0.0,0.0,0.0974
placement-flow-zipf,placement,flow-affine-zipf-1.1,W3,0.9,M0_AltoThreshold,5,0.0938,0.4436936936936937,228.0,362.0,0.3801825283443266,0.5388,0.0,12.0793,25.326,26.8704,0.0,0.0,0.0,0.0938
placement-flow-zipf,placement,flow-affine-zipf-1.1,W3,0.9,M1_RescueSched,5,0.0912,0.445097463022823,231.0,399.0,0.3419548978931842,0.4838,0.4838,12.1142,25.3973,87.073,0.0,0.4838,0.0332937,0.146467
scan-128,scan-depth,128,W2,0.85,L0_RandomCore,5,0.6464,0.15134524349634906,1140.0,1330.0,0.0,0.0,0.0,0.0,0.0,1.0116,0.0,0.0,0.0,0.6464
scan-128,scan-depth,128,W2,0.85,L1_WorkStealingPolling,5,0.0674,0.4211218505940746,163.0,229.0,0.7028690731707318,0.6662,0.0,0.0,0.0,3.011,0.0,0.0,0.0,0.0674
scan-128,scan-depth,128,W2,0.85,M0_AltoThreshold,5,0.0694,0.4207889453598365,195.0,205.0,0.2781080975609756,0.4712,0.0,0.0,0.0,19.675,0.0,0.0,0.0,0.0694
scan-128,scan-depth,128,W2,0.85,M1_RescueSched,5,0.0518,0.4298238456586975,197.0,292.0,0.25882521934932834,0.4214,0.4214,0.0,0.0,69.2104,0.0,0.4214,0.00239378,0.0888423
scan-128,scan-depth,128,W3,0.7,L0_RandomCore,5,0.3908,0.23275202692366528,720.0,814.0,0.0,0.0,0.0,12.0693,25.2652,1.0074,0.0,0.0,0.0,0.3908
scan-128,scan-depth,128,W3,0.7,L1_WorkStealingPolling,5,0.0076,0.38560152443511464,152.0,320.0,0.6646676764894887,0.6534,0.0,12.0752,25.2549,3.353,0.0,0.0,0.0,0.0076
scan-128,scan-depth,128,W3,0.7,M0_AltoThreshold,5,0.0228,0.37934186471663617,199.0,386.0,0.14485394692847808,0.2478,0.0,12.0552,25.3234,14.9016,0.0,0.0,0.0,0.0228
scan-128,scan-depth,128,W3,0.7,M1_RescueSched,5,0.0188,0.38003904192358934,197.0,375.0,0.14686388644031734,0.2532,0.2532,12.0251,25.2875,30.0722,0.0,0.2532,0.00569569,0.0235973
scan-128,scan-depth,128,W3,0.85,L0_RandomCore,5,0.5952,0.18531234835791655,916.0,1040.0,0.0,0.0,0.0,12.2326,25.47,1.0132,0.0,0.0,0.0,0.5952
scan-128,scan-depth,128,W3,0.85,L1_WorkStealingPolling,5,0.0404,0.44783919222837093,159.0,320.0,0.6823701086142027,0.665,0.0,12.0801,25.2969,2.944,0.0,0.0,0.0,0.0404
scan-128,scan-depth,128,W3,0.85,M0_AltoThreshold,5,0.0454,0.4427972391272079,208.0,387.0,0.20714915346971033,0.3508,0.0,11.9929,25.241,19.7402,0.0,0.0,0.0,0.0454
scan-128,scan-depth,128,W3,0.85,M1_RescueSched,5,0.0404,0.44487301925805045,214.0,388.0,0.20389546803757766,0.339,0.339,12.0275,25.2783,47.115,0.0,0.339,0.0163743,0.0528875
scan-128,scan-depth,128,W3,0.9,L0_RandomCore,5,0.67,0.15275823978700706,1070.0,1160.0,0.0,0.0,0.0,12.1575,25.4038,1.0158,0.0,0.0,0.0,0.67
scan-128,scan-depth,128,W3,0.9,L1_WorkStealingPolling,5,0.096,0.44615536472213996,159.0,320.0,0.6153940849265934,0.5812,0.0,12.0604,25.2821,2.8384,0.0,0.0,0.0,0.096
scan-128,scan-depth,128,W3,0.9,M0_AltoThreshold,5,0.0856,0.44815181485801664,212.0,387.0,0.2430355025988632,0.3996,0.0,12.0669,25.2999,24.8978,0.0,0.0,0.0,0.0856
scan-128,scan-depth,128,W3,0.9,M1_RescueSched,5,0.0692,0.4558678042138876,220.0,395.0,0.22292144802472538,0.3516,0.3516,12.0548,25.3001,67.6308,0.0,0.3516,0.0301479,0.0942075
scan-32,scan-depth,32,W2,0.85,L0_RandomCore,5,0.6464,0.15134524349634906,1140.0,1330.0,0.0,0.0,0.0,0.0,0.0,1.0116,0.0,0.0,0.0,0.6464
scan-32,scan-depth,32,W2,0.85,L1_WorkStealingPolling,5,0.0674,0.4211218505940746,163.0,229.0,0.7028690731707318,0.6662,0.0,0.0,0.0,3.011,0.0,0.0,0.0,0.0674
scan-32,scan-depth,32,W2,0.85,M0_AltoThreshold,5,0.0694,0.4207889453598365,195.0,205.0,0.2781080975609756,0.4712,0.0,0.0,0.0,19.675,0.0,0.0,0.0,0.0694
scan-32,scan-depth,32,W2,0.85,M1_RescueSched,5,0.0518,0.4298238456586975,197.0,292.0,0.25882521934932834,0.4214,0.4214,0.0,0.0,69.2104,0.0,0.4214,0.00239378,0.0888423
scan-32,scan-depth,32,W3,0.7,L0_RandomCore,5,0.3908,0.23275202692366528,720.0,814.0,0.0,0.0,0.0,12.0693,25.2652,1.0074,0.0,0.0,0.0,0.3908
scan-32,scan-depth,32,W3,0.7,L1_WorkStealingPolling,5,0.0076,0.38560152443511464,152.0,320.0,0.6646676764894887,0.6534,0.0,12.0752,25.2549,3.353,0.0,0.0,0.0,0.0076
scan-32,scan-depth,32,W3,0.7,M0_AltoThreshold,5,0.0228,0.37934186471663617,199.0,386.0,0.14485394692847808,0.2478,0.0,12.0552,25.3234,14.9016,0.0,0.0,0.0,0.0228
scan-32,scan-depth,32,W3,0.7,M1_RescueSched,5,0.0188,0.38003904192358934,197.0,375.0,0.14686388644031734,0.2532,0.2532,12.0251,25.2875,30.0722,0.0,0.2532,0.00569569,0.0235973
scan-32,scan-depth,32,W3,0.85,L0_RandomCore,5,0.5952,0.18531234835791655,916.0,1040.0,0.0,0.0,0.0,12.2326,25.47,1.0132,0.0,0.0,0.0,0.5952
scan-32,scan-depth,32,W3,0.85,L1_WorkStealingPolling,5,0.0404,0.44783919222837093,159.0,320.0,0.6823701086142027,0.665,0.0,12.0801,25.2969,2.944,0.0,0.0,0.0,0.0404
scan-32,scan-depth,32,W3,0.85,M0_AltoThreshold,5,0.0454,0.4427972391272079,208.0,387.0,0.20714915346971033,0.3508,0.0,11.9929,25.241,19.7402,0.0,0.0,0.0,0.0454
scan-32,scan-depth,32,W3,0.85,M1_RescueSched,5,0.0404,0.44487301925805045,214.0,388.0,0.20389546803757766,0.339,0.339,12.0275,25.2783,47.115,0.0,0.339,0.0163743,0.0528875
scan-32,scan-depth,32,W3,0.9,L0_RandomCore,5,0.67,0.15275823978700706,1070.0,1160.0,0.0,0.0,0.0,12.1575,25.4038,1.0158,0.0,0.0,0.0,0.67
scan-32,scan-depth,32,W3,0.9,L1_WorkStealingPolling,5,0.096,0.44615536472213996,159.0,320.0,0.6153940849265934,0.5812,0.0,12.0604,25.2821,2.8384,0.0,0.0,0.0,0.096
scan-32,scan-depth,32,W3,0.9,M0_AltoThreshold,5,0.0856,0.44815181485801664,212.0,387.0,0.2430355025988632,0.3996,0.0,12.0669,25.2999,24.8978,0.0,0.0,0.0,0.0856
scan-32,scan-depth,32,W3,0.9,M1_RescueSched,5,0.0692,0.4558678042138876,220.0,395.0,0.22292144802472538,0.3516,0.3516,12.0548,25.3001,67.6308,0.0,0.3516,0.0301479,0.0942075
targets-2,h-targets,2,W2,0.85,L0_RandomCore,5,0.6464,0.15134524349634906,1140.0,1330.0,0.0,0.0,0.0,0.0,0.0,1.0116,0.0,0.0,0.0,0.6464
targets-2,h-targets,2,W2,0.85,L1_WorkStealingPolling,5,0.0674,0.4211218505940746,163.0,229.0,0.7028690731707318,0.6662,0.0,0.0,0.0,3.011,0.0,0.0,0.0,0.0674
targets-2,h-targets,2,W2,0.85,M0_AltoThreshold,5,0.0694,0.4207889453598365,195.0,205.0,0.2781080975609756,0.4712,0.0,0.0,0.0,17.1638,0.0,0.0,0.0,0.0694
targets-2,h-targets,2,W2,0.85,M1_RescueSched,5,0.0518,0.4298238456586975,197.0,292.0,0.25882521934932834,0.4214,0.4214,0.0,0.0,55.3348,0.0,0.4214,0.00239378,0.0888423
targets-2,h-targets,2,W3,0.7,L0_RandomCore,5,0.3908,0.23275202692366528,720.0,814.0,0.0,0.0,0.0,12.0693,25.2652,1.0074,0.0,0.0,0.0,0.3908
targets-2,h-targets,2,W3,0.7,L1_WorkStealingPolling,5,0.0076,0.38560152443511464,152.0,320.0,0.6646676764894887,0.6534,0.0,12.0752,25.2549,3.353,0.0,0.0,0.0,0.0076
targets-2,h-targets,2,W3,0.7,M0_AltoThreshold,5,0.0228,0.37934186471663617,199.0,386.0,0.14485394692847808,0.2478,0.0,12.0552,25.3234,14.372,0.0,0.0,0.0,0.0228
targets-2,h-targets,2,W3,0.7,M1_RescueSched,5,0.0188,0.38003904192358934,197.0,375.0,0.14686388644031734,0.2532,0.2532,12.0251,25.2875,29.4982,0.0,0.2532,0.00569569,0.0235973
targets-2,h-targets,2,W3,0.85,L0_RandomCore,5,0.5952,0.18531234835791655,916.0,1040.0,0.0,0.0,0.0,12.2326,25.47,1.0132,0.0,0.0,0.0,0.5952
targets-2,h-targets,2,W3,0.85,L1_WorkStealingPolling,5,0.0404,0.44783919222837093,159.0,320.0,0.6823701086142027,0.665,0.0,12.0801,25.2969,2.944,0.0,0.0,0.0,0.0404
targets-2,h-targets,2,W3,0.85,M0_AltoThreshold,5,0.0454,0.4427972391272079,208.0,387.0,0.20714915346971033,0.3508,0.0,11.9929,25.241,18.9086,0.0,0.0,0.0,0.0454
targets-2,h-targets,2,W3,0.85,M1_RescueSched,5,0.0404,0.44487301925805045,214.0,388.0,0.20389546803757766,0.339,0.339,12.0275,25.2783,44.445,0.0,0.339,0.0163743,0.0528875
targets-2,h-targets,2,W3,0.9,L0_RandomCore,5,0.67,0.15275823978700706,1070.0,1160.0,0.0,0.0,0.0,12.1575,25.4038,1.0158,0.0,0.0,0.0,0.67
targets-2,h-targets,2,W3,0.9,L1_WorkStealingPolling,5,0.096,0.44615536472213996,159.0,320.0,0.6153940849265934,0.5812,0.0,12.0604,25.2821,2.8384,0.0,0.0,0.0,0.096
targets-2,h-targets,2,W3,0.9,M0_AltoThreshold,5,0.0856,0.44815181485801664,212.0,387.0,0.2430355025988632,0.3996,0.0,12.0669,25.2999,23.5906,0.0,0.0,0.0,0.0856
targets-2,h-targets,2,W3,0.9,M1_RescueSched,5,0.0692,0.4558678042138876,220.0,395.0,0.22292144802472538,0.3516,0.3516,12.0548,25.3001,60.492,0.0,0.3516,0.0301479,0.0942075
targets-8,h-targets,8,W2,0.85,L0_RandomCore,5,0.6464,0.15134524349634906,1140.0,1330.0,0.0,0.0,0.0,0.0,0.0,1.0116,0.0,0.0,0.0,0.6464
targets-8,h-targets,8,W2,0.85,L1_WorkStealingPolling,5,0.0674,0.4211218505940746,163.0,229.0,0.7028690731707318,0.6662,0.0,0.0,0.0,3.011,0.0,0.0,0.0,0.0674
targets-8,h-targets,8,W2,0.85,M0_AltoThreshold,5,0.0694,0.4207889453598365,195.0,205.0,0.2781080975609756,0.4712,0.0,0.0,0.0,24.6974,0.0,0.0,0.0,0.0694
targets-8,h-targets,8,W2,0.85,M1_RescueSched,5,0.0514,0.4295962175968697,196.0,263.0,0.2657570409024634,0.4214,0.4214,0.0,0.0,92.9852,0.0,0.4214,0.00307882,0.0881427
targets-8,h-targets,8,W3,0.7,L0_RandomCore,5,0.3908,0.23275202692366528,720.0,814.0,0.0,0.0,0.0,12.0693,25.2652,1.0074,0.0,0.0,0.0,0.3908
targets-8,h-targets,8,W3,0.7,L1_WorkStealingPolling,5,0.0076,0.38560152443511464,152.0,320.0,0.6646676764894887,0.6534,0.0,12.0752,25.2549,3.353,0.0,0.0,0.0,0.0076
targets-8,h-targets,8,W3,0.7,M0_AltoThreshold,5,0.0228,0.37934186471663617,199.0,386.0,0.14485394692847808,0.2478,0.0,12.0552,25.3234,15.9608,0.0,0.0,0.0,0.0228
targets-8,h-targets,8,W3,0.7,M1_RescueSched,5,0.0196,0.37997522069072326,197.0,375.0,0.14875452141402473,0.257,0.257,12.029,25.285,31.2714,0.0,0.257,0.00677201,0.0239001
targets-8,h-targets,8,W3,0.85,L0_RandomCore,5,0.5952,0.18531234835791655,916.0,1040.0,0.0,0.0,0.0,12.2326,25.47,1.0132,0.0,0.0,0.0,0.5952
targets-8,h-targets,8,W3,0.85,L1_WorkStealingPolling,5,0.0404,0.44783919222837093,159.0,320.0,0.6823701086142027,0.665,0.0,12.0801,25.2969,2.944,0.0,0.0,0.0,0.0404
targets-8,h-targets,8,W3,0.85,M0_AltoThreshold,5,0.0454,0.4427972391272079,208.0,387.0,0.20714915346971033,0.3508,0.0,11.9929,25.241,21.4034,0.0,0.0,0.0,0.0454
targets-8,h-targets,8,W3,0.85,M1_RescueSched,5,0.0424,0.44394581413246054,213.0,393.0,0.20507588971510757,0.3422,0.3422,11.9874,25.2148,55.8004,0.0,0.3422,0.0174014,0.0555556
targets-8,h-targets,8,W3,0.9,L0_RandomCore,5,0.67,0.15275823978700706,1070.0,1160.0,0.0,0.0,0.0,12.1575,25.4038,1.0158,0.0,0.0,0.0,0.67
targets-8,h-targets,8,W3,0.9,L1_WorkStealingPolling,5,0.096,0.44615536472213996,159.0,320.0,0.6153940849265934,0.5812,0.0,12.0604,25.2821,2.8384,0.0,0.0,0.0,0.096
targets-8,h-targets,8,W3,0.9,M0_AltoThreshold,5,0.0856,0.44815181485801664,212.0,387.0,0.2430355025988632,0.3996,0.0,12.0669,25.2999,27.5122,0.0,0.0,0.0,0.0856
targets-8,h-targets,8,W3,0.9,M1_RescueSched,5,0.0746,0.453263063027762,230.0,394.0,0.2229183879555678,0.3516,0.3516,12.0991,25.3485,81.054,0.0,0.3516,0.0350148,0.0948604
