scenario,workload,cluster,method,rho,seed,P99_us,P999_us,slo_violation_rate,migration_rate,invalid_migration_ratio,total_finished,total_generated,batch_candidate_count,batch_selected_count,batch_move_count,summary_update_count,reservation_reject_count,saturation_guard_count,batch_size_1_count,batch_size_2_7_count,batch_size_8_31_count,batch_size_32_plus_count,batch_type_generic_count,batch_type_short_count,batch_type_mice_count,batch_type_slow_count,batch_type_distribution_count,target_plan_reject_count,short_slo_violation_rate,long_slo_violation_rate,mice_slo_violation_rate,elephant_slo_violation_rate,migration_work_rate,migrated_work_us,target_harm_est_us,avg_destination_virtual_occupancy_us,avg_source_queue_depth,avg_source_queue_work_us,exact_batch_size_histogram,no_batch_formed_count,low_confidence_count,low_expected_gain_count,dst_reservation_high_count,dst_tail_harm_count,budget_exhausted_count,sparse_blocking_not_batchable_count,summary_update_cost_est_us,batch_estimation_cost_est_us,target_selection_cost_est_us
W1_saturation_homo,W1,HOMOGENEOUS,B1_PowerOf2,0.95,11,1.32e+03,1.58e+03,0.995869,0,0,1000000,1240787,0,0,0,0,0,0,0,0,0,0,0,0,0,0,0,0,0.999996,0.979369,0.999996,0.979369,0,0,0,0,0,0,"",0,0,0,0,0,0,0,0,0,0
W1_saturation_homo,W1,HOMOGENEOUS,B1_PowerOf2,0.95,23,1.3e+03,1.55e+03,0.995213,0,0,1000000,1240636,0,0,0,0,0,0,0,0,0,0,0,0,0,0,0,0,0.999976,0.976174,0.999976,0.976174,0,0,0,0,0,0,"",0,0,0,0,0,0,0,0,0,0
W1_saturation_homo,W1,HOMOGENEOUS,B1_PowerOf2,0.95,37,1.51e+03,1.73e+03,0.997285,0,0,1000000,1247178,0,0,0,0,0,0,0,0,0,0,0,0,0,0,0,0,1,0.986486,1,0.986486,0,0,0,0,0,0,"",0,0,0,0,0,0,0,0,0,0
W1_saturation_homo,W1,HOMOGENEOUS,B1_PowerOf2,0.95,47,1.4e+03,1.61e+03,0.99584,0,0,1000000,1243782,0,0,0,0,0,0,0,0,0,0,0,0,0,0,0,0,0.999986,0.979282,0.999986,0.979282,0,0,0,0,0,0,"",0,0,0,0,0,0,0,0,0,0
W1_saturation_homo,W1,HOMOGENEOUS,B1_PowerOf2,0.95,59,1.29e+03,1.5e+03,0.995086,0,0,1000000,1240153,0,0,0,0,0,0,0,0,0,0,0,0,0,0,0,0,0.999911,0.975759,0.999911,0.975759,0,0,0,0,0,0,"",0,0,0,0,0,0,0,0,0,0
W1_saturation_homo,W1,HOMOGENEOUS,B2_Reactive,0.95,11,1.36e+03,1.59e+03,0.9972,0.00054731,0.426471,1000000,1242441,0,0,0,0,0,0,0,0,0,0,0,0,0,0,0,0,1,0.985989,1,0.985989,0,0,0,0,0,0,"",0,0,0,0,0,0,0,0,0,0
W1_saturation_homo,W1,HOMOGENEOUS,B2_Reactive,0.95,23,1.42e+03,1.69e+03,0.99652,0.000246556,0.400651,1000000,1245154,0,0,0,0,0,0,0,0,0,0,0,0,0,0,0,0,0.999999,0.982646,0.999999,0.982646,0,0,0,0,0,0,"",0,0,0,0,0,0,0,0,0,0
W1_saturation_homo,W1,HOMOGENEOUS,B2_Reactive,0.95,37,1.38e+03,1.6e+03,0.994018,0.000411213,0.375734,1000000,1242666,0,0,0,0,0,0,0,0,0,0,0,0,0,0,0,0,0.999922,0.970429,0.999922,0.970429,0,0,0,0,0,0,"",0,0,0,0,0,0,0,0,0,0
W1_saturation_homo,W1,HOMOGENEOUS,B2_Reactive,0.95,47,1.39e+03,1.6e+03,0.996095,0.000739371,0.402612,1000000,1242949,0,0,0,0,0,0,0,0,0,0,0,0,0,0,0,0,1,0.980537,1,0.980537,0,0,0,0,0,0,"",0,0,0,0,0,0,0,0,0,0
W1_saturation_homo,W1,HOMOGENEOUS,B2_Reactive,0.95,59,1.38e+03,1.59e+03,0.996324,0.000371924,0.465368,1000000,1242190,0,0,0,0,0,0,0,0,0,0,0,0,0,0,0,0,0.999991,0.981679,0.999991,0.981679,0,0,0,0,0,0,"",0,0,0,0,0,0,0,0,0,0
W1_saturation_homo,W1,HOMOGENEOUS,M0_Proactive,0.95,11,1.38e+03,2.45e+03,0.988407,0.0393582,0.384892,1000000,1238396,0,0,0,0,0,0,0,0,0,0,0,0,0,0,0,0,0.994039,0.965846,0.994039,0.965846,0,0,0,0,0,0,"",0,0,0,0,0,0,0,0,0,0
W1_saturation_homo,W1,HOMOGENEOUS,M0_Proactive,0.95,23,1.5e+03,2.76e+03,0.991077,0.0394141,0.376189,1000000,1242653,0,0,0,0,0,0,0,0,0,0,0,0,0,0,0,0,0.995987,0.971576,0.995987,0.971576,0,0,0,0,0,0,"",0,0,0,0,0,0,0,0,0,0
W1_saturation_homo,W1,HOMOGENEOUS,M0_Proactive,0.95,37,1.63e+03,3.25e+03,0.99663,0.0395713,0.391825,1000000,1247015,0,0,0,0,0,0,0,0,0,0,0,0,0,0,0,0,0.999679,0.984541,0.999679,0.984541,0,0,0,0,0,0,"",0,0,0,0,0,0,0,0,0,0
W1_saturation_homo,W1,HOMOGENEOUS,M0_Proactive,0.95,47,1.51e+03,2.56e+03,0.993405,0.0394841,0.379253,1000000,1242451,0,0,0,0,0,0,0,0,0,0,0,0,0,0,0,0,0.997842,0.975772,0.997842,0.975772,0,0,0,0,0,0,"",0,0,0,0,0,0,0,0,0,0
W1_saturation_homo,W1,HOMOGENEOUS,M0_Proactive,0.95,59,1.41e+03,2.7e+03,0.991473,0.039313,0.355509,1000000,1239970,0,0,0,0,0,0,0,0,0,0,0,0,0,0,0,0,0.995826,0.974102,0.995826,0.974102,0,0,0,0,0,0,"",0,0,0,0,0,0,0,0,0,0
W1_saturation_homo,W1,HOMOGENEOUS,M1_AQB_PM,0.95,11,1.36e+03,1.58e+03,0.99528,0.0195733,0.271003,1000000,1241793,0,0,0,0,0,0,0,0,0,0,0,0,0,0,0,0,0.999859,0.97696,0.999859,0.97696,0,0,0,0,0,0,"",0,0,0,0,0,0,0,0,0,0
W1_saturation_homo,W1,HOMOGENEOUS,M1_AQB_PM,0.95,23,1.37e+03,1.58e+03,0.997075,0.016866,0.249164,1000000,1240481,0,0,0,0,0,0,0,0,0,0,0,0,0,0,0,0,0.999957,0.985561,0.999957,0.985561,0,0,0,0,0,0,"",0,0,0,0,0,0,0,0,0,0
W1_saturation_homo,W1,HOMOGENEOUS,M1_AQB_PM,0.95,37,1.3e+03,1.5e+03,0.996731,0.0175483,0.226041,1000000,1240350,0,0,0,0,0,0,0,0,0,0,0,0,0,0,0,0,0.999988,0.98366,0.999988,0.98366,0,0,0,0,0,0,"",0,0,0,0,0,0,0,0,0,0
W1_saturation_homo,W1,HOMOGENEOUS,M1_AQB_PM,0.95,47,1.42e+03,1.69e+03,0.996317,0.0181123,0.26786,1000000,1243523,0,0,0,0,0,0,0,0,0,0,0,0,0,0,0,0,0.999934,0.981909,0.999934,0.981909,0,0,0,0,0,0,"",0,0,0,0,0,0,0,0,0,0
W1_saturation_homo,W1,HOMOGENEOUS,M1_AQB_PM,0.95,59,1.43e+03,1.7e+03,0.997175,0.0170223,0.240036,1000000,1244014,0,0,0,0,0,0,0,0,0,0,0,0,0,0,0,0,0.999987,0.985971,0.999987,0.985971,0,0,0,0,0,0,"",0,0,0,0,0,0,0,0,0,0
W1_saturation_homo,W1,HOMOGENEOUS,M2_DQB_PM,0.95,11,1.31e+03,1.56e+03,0.995838,0,0,1000000,1240993,0,0,0,0,0,3264062,0,0,0,0,0,0,0,0,0,0,0.99999,0.979244,0.99999,0.979244,0,0,0,0,0,0,"",0,0,0,0,0,0,0,0,0,0
W1_saturation_homo,W1,HOMOGENEOUS,M2_DQB_PM,0.95,23,1.3e+03,1.54e+03,0.995324,0,0,1000000,1240449,0,0,0,0,0,3263132,0,0,0,0,0,0,0,0,0,0,0.999957,0.976797,0.999957,0.976797,0,0,0,0,0,0,"",0,0,0,0,0,0,0,0,0,0
W1_saturation_homo,W1,HOMOGENEOUS,M2_DQB_PM,0.95,37,1.51e+03,1.76e+03,0.997165,0,0,1000000,1247202,0,0,0,0,0,3273290,0,0,0,0,0,0,0,0,0,0,1,0.985891,1,0.985891,0,0,0,0,0,0,"",0,0,0,0,0,0,0,0,0,0
W1_saturation_homo,W1,HOMOGENEOUS,M2_DQB_PM,0.95,47,1.39e+03,1.61e+03,0.995799,0,0,1000000,1243596,0,0,0,0,0,3264640,0,0,0,0,0,0,0,0,0,0,0.999989,0.979058,0.999989,0.979058,0,0,0,0,0,0,"",0,0,0,0,0,0,0,0,0,0
W1_saturation_homo,W1,HOMOGENEOUS,M2_DQB_PM,0.95,59,1.29e+03,1.49e+03,0.995051,0,0,1000000,1239999,0,0,0,0,0,3259362,0,0,0,0,0,0,0,0,0,0,0.999945,0.975444,0.999945,0.975444,0,0,0,0,0,0,"",0,0,0,0,0,0,0,0,0,0
