method,trace_fingerprint,generated,completed,measured,drain_end_us,p50_us,p99_us,p999_us,mean_us,slo_miss_rate,slo_goodput_mrps,offered_mrps,class0_p99_us,class0_slo_miss_rate,class1_p99_us,class1_slo_miss_rate,control_msgs,control_bytes,payload_bytes,control_cpu_mean,control_cpu_max,ingress_cpu,plans,grants,denied,expired,returned_batches,batches,migrated,moved_work_us,mean_batch,max_batch,credit_messages,mean_credit_batch,inspected,max_reserved_work_us,events,invalid_migration_rate,measured_migrated,migrated_fraction,migrated_latency_delta_mean_us,group,scenario,rho,seed,variant,axis,value,trace_sha256,wall_seconds
bwc,dd4426c0c7865cfe,86601,86601,69170,25172.236049,15.1449842225,199.00677994,471.917546244,36.2368865875,0.0185051322828,3.3945,3.4585,40.7681565311,0.0109413931318,393.260552635,0.0488972721997,52671,3370944,18573760,0.0131677568682,0.0192280000002,0.148181000001,0,0,0,0,0,0,0,0,0,0,36735,1.88272764394,0,0,783367,,0,0.0,,capacity-0.7-101,capacity,0.7,101,bwc,main,,477ed4d8820bf0bca03906e0fec61ae213eeac6a0a0b6dfef2d9c4c2e59d4baa,0.1938417279998248
jbsq,dd4426c0c7865cfe,86601,86601,69170,25172.236049,13.9640012745,198.407957644,486.312724838,34.8742817812,0.0205146739916,3.38755,3.4585,44.3809662425,0.0135413281335,398.017787396,0.0485345327916,0,0,18573824,0,0,0.172923162085,0,0,0,0,0,0,0,0,0,0,0,0,0,0,606516,,0,0.0,,capacity-0.7-101,capacity,0.7,101,jbsq,main,,477ed4d8820bf0bca03906e0fec61ae213eeac6a0a0b6dfef2d9c4c2e59d4baa,0.14106023499971343
jsw,dd4426c0c7865cfe,86601,86601,69170,25172.236049,15.7532277181,187.553303862,383.915559341,35.8100172491,0.0139655920197,3.4102,3.4585,38.8912590478,0.00850395406781,292.289417124,0.0359112013929,15936,1019904,18574336,0.00398400000004,0.00398400000004,0.0930747740013,0,0,0,0,0,0,0,0,0,0,0,0,0,0,600050,,0,0.0,,capacity-0.7-101,capacity,0.7,101,jsw,main,,477ed4d8820bf0bca03906e0fec61ae213eeac6a0a0b6dfef2d9c4c2e59d4baa,0.16068945200004237
p2c,dd4426c0c7865cfe,86601,86601,69170,25172.236049,14.4967436276,226.531071854,545.125662533,38.5732492029,0.045366488362,3.3016,3.4585,122.050409383,0.0428989275268,466.746531011,0.0552814857806,15936,1019904,18574208,0.00398400000004,0.00398400000004,0.0930747740013,0,0,0,0,0,0,0,0,0,0,0,0,0,0,600138,,0,0.0,,capacity-0.7-101,capacity,0.7,101,p2c,main,,477ed4d8820bf0bca03906e0fec61ae213eeac6a0a0b6dfef2d9c4c2e59d4baa,0.1924611160002314
qbr,dd4426c0c7865cfe,86601,86601,69170,25172.236049,15.686382005,187.553303862,384.3004749,35.7999577683,0.0152667341333,3.4057,3.4585,40.1055125743,0.0100928032355,292.289417124,0.0360562971561,80769,5151792,18584160,0.0209882031249,0.0214439999999,0.0930740000013,484,155,329,0,0,34,65,556.5,1.91176470588,8,0,0,159,134.460710638,1004403,0.8769230769230769,65,0.0009397137487350008,12.397153537548604,capacity-0.7-101,capacity,0.7,101,qbr,main,,477ed4d8820bf0bca03906e0fec61ae213eeac6a0a0b6dfef2d9c4c2e59d4baa,0.24105703800069023
single,dd4426c0c7865cfe,86601,86601,69170,25176.2760654,15.7532277181,188.308649152,365.884824044,35.8306018539,0.0146017059419,3.408,3.4585,39.4533813394,0.0091719929224,293.170165537,0.0364190365641,80823,5154384,18582848,0.0208195156249,0.0213214999999,0.0930740000013,503,185,318,0,0,48,48,435.8,1,1,0,0,94,189.319458003,1004731,0.9375,48,0.0006939424606043082,12.823653311037333,capacity-0.7-101,capacity,0.7,101,single,main,,477ed4d8820bf0bca03906e0fec61ae213eeac6a0a0b6dfef2d9c4c2e59d4baa,0.25200287900042895
steal,dd4426c0c7865cfe,86601,86601,69170,25174.0827775,15.6530592335,185.864778008,380.468577186,35.7485304471,0.0147029058841,3.40765,3.4585,39.8597404179,0.00976781136027,281.923878602,0.0345327916425,104089,6269280,18921488,0.0670114049373,0.10398475,0.0930455000013,21319,12809,8510,0,0,1091,2095,21619.5,1.92025664528,10,0,0,3193,299.991140529,1144526,0.9011933174224344,2095,0.03028769697845887,7.548554789231168,capacity-0.7-101,capacity,0.7,101,steal,main,,477ed4d8820bf0bca03906e0fec61ae213eeac6a0a0b6dfef2d9c4c2e59d4baa,0.2641412759994637
threshold,dd4426c0c7865cfe,86601,86601,69170,25179.2321938,15.703068387,187.741857166,369.200026179,35.7947343953,0.0143848489229,3.40875,3.4585,39.3322635118,0.00895533167226,291.411305681,0.0362013929193,88411,5518512,18788064,0.0297154446561,0.0335719999999,0.0930710000013,3826,1606,2221,0,0,522,1343,13715.3,2.57279693487,9,0,0,2062,248.548428338,1036106,0.9314966492926284,1343,0.019415931762324708,9.469440595199963,capacity-0.7-101,capacity,0.7,101,threshold,main,,477ed4d8820bf0bca03906e0fec61ae213eeac6a0a0b6dfef2d9c4c2e59d4baa,0.24083041299945762
work,dd4426c0c7865cfe,86601,86601,69170,25172.236049,15.4052504388,196.227574204,461.169887245,35.2871581195,0.0118114789649,3.41765,3.4585,29.4258518898,0.00317769833532,400.819305261,0.0465031921068,15936,1019904,18574336,0.00398400000004,0.00398400000004,0.196833393598,0,0,0,0,0,0,0,0,0,0,0,0,0,0,686733,,0,0.0,,capacity-0.7-101,capacity,0.7,101,work,main,,477ed4d8820bf0bca03906e0fec61ae213eeac6a0a0b6dfef2d9c4c2e59d4baa,0.16723084800014476
bwc,c001e7cbf8c0455a,85993,85993,68751,25193.6024235,15.1772903359,214.576059299,504.671664749,39.6099921303,0.0604354845748,3.2298,3.43755,115.352233406,0.0593517660104,417.209503492,0.0647743813683,52325,3348800,18477312,0.0130814963796,0.0165120000001,0.147237000001,0,0,0,0,0,0,0,0,0,0,36389,1.88969193987,0,0,778464,,0,0.0,,capacity-0.7-102,capacity,0.7,102,bwc,main,,28f531a5eaad53e7df2527c22794192b372d513fff7fe6cf84a0ea1391173a76,0.19047227000010025
jbsq,c001e7cbf8c0455a,85993,85993,68751,25193.6024235,14.0690640517,196.424801778,496.152126657,35.3567425422,0.0242032843159,3.35435,3.43755,49.7563538289,0.0185053898311,415.957380063,0.0470160116448,0,0,18477312,0,0,0.171906000001,0,0,0,0,0,0,0,0,0,0,0,0,0,0,602261,,0,0.0,,capacity-0.7-102,capacity,0.7,102,jbsq,main,,28f531a5eaad53e7df2527c22794192b372d513fff7fe6cf84a0ea1391173a76,0.13900315499995486
jsw,c001e7cbf8c0455a,85993,85993,68751,25193.6024235,15.8708527169,187.741857166,424.376226925,36.799284105,0.0285232214804,3.3395,3.43755,52.8933357177,0.0265037901511,304.252684252,0.0366084425036,15936,1019904,18478016,0.00398400000004,0.00398400000004,0.0926550000013,0,0,0,0,0,0,0,0,0,0,0,0,0,0,596497,,0,0.0,,capacity-0.7-102,capacity,0.7,102,jsw,main,,28f531a5eaad53e7df2527c22794192b372d513fff7fe6cf84a0ea1391173a76,0.15958290200069314
p2c,c001e7cbf8c0455a,85993,85993,68751,25193.6024235,14.5743824683,228.357704057,592.363756361,39.1517457846,0.049541097584,3.26725,3.43755,122.914350618,0.0482630746578,496.152126657,0.0546579330422,15936,1019904,18477568,0.00398400000004,0.00398400000004,0.0926550000013,0,0,0,0,0,0,0,0,0,0,0,0,0,0,596564,,0,0.0,,capacity-0.7-102,capacity,0.7,102,p2c,main,,28f531a5eaad53e7df2527c22794192b372d513fff7fe6cf84a0ea1391173a76,0.13601759799985302
qbr,c001e7cbf8c0455a,85993,85993,68751,25193.6161198,15.9384374203,189.067020358,420.145767068,36.8181803027,0.028159590406,3.34075,3.43755,51.6159244791,0.0257948410318,301.821615344,0.0376273653566,80976,5161728,18488768,0.0211692343749,0.0219694999999,0.0926542540013,583,166,417,0,0,36,73,613.3,2.02777777778,10,0,0,148,116.062636311,1001584,0.8333333333333334,72,0.0010472574944364445,12.530303315113619,capacity-0.7-102,capacity,0.7,102,qbr,main,,28f531a5eaad53e7df2527c22794192b372d513fff7fe6cf84a0ea1391173a76,0.23494831800053362
single,c001e7cbf8c0455a,85993,85993,68751,25193.6024235,15.9215159044,188.497957801,405.261484113,36.9012655471,0.0304868292825,3.33275,3.43755,53.6527663825,0.0285761029612,301.519096248,0.0381368267831,80994,5162592,18485936,0.0209427187499,0.0212739999999,0.0926550000013,587,177,410,0,0,37,37,642.7,1,1,0,0,84,168.344201548,1001790,0.8378378378378378,37,0.0005381739901965063,15.087130426021218,capacity-0.7-102,capacity,0.7,102,single,main,,28f531a5eaad53e7df2527c22794192b372d513fff7fe6cf84a0ea1391173a76,0.2398400270003549
steal,c001e7cbf8c0455a,85993,85993,68751,25203.3056108,15.9893035649,189.067020358,409.342429558,36.8823819096,0.028828671583,3.33845,3.43755,51.8795307871,0.0267582847067,306.703269916,0.0371179039301,104152,6272496,18821424,0.0670642224032,0.0958779999998,0.0926265000013,21402,12809,8593,0,0,1033,2055,22380.5,1.98935140368,10,0,0,3314,291.332753083,1140209,0.8972235752557234,2053,0.029861383834416954,7.266190153024032,capacity-0.7-102,capacity,0.7,102,steal,main,,28f531a5eaad53e7df2527c22794192b372d513fff7fe6cf84a0ea1391173a76,0.2638189429999329
threshold,c001e7cbf8c0455a,85993,85993,68751,25193.6024235,15.9046112931,188.877143215,402.428995005,36.8268157398,0.0293959360591,3.3365,3.43755,50.8847968683,0.0273399865481,309.483702549,0.0376273653566,89483,5570000,18677216,0.0303840884593,0.0352682499999,0.0926490000013,4402,1512,2891,0,0,510,1231,13015.1,2.4137254902,11,0,0,1902,220.41702886,1035327,0.9130787977254264,1231,0.017905194106267546,9.71760539776236,capacity-0.7-102,capacity,0.7,102,threshold,main,,28f531a5eaad53e7df2527c22794192b372d513fff7fe6cf84a0ea1391173a76,0.232910456999889
work,c001e7cbf8c0455a,85993,85993,68751,25193.6024235,15.6530592335,201.015872088,506.697387462,37.6461701005,0.044173902925,3.2857,3.43755,77.9500959406,0.0424824126084,410.574688284,0.0509461426492,15936,1019904,18477184,0.00398400000004,0.00398400000004,0.195798972355,0,0,0,0,0,0,0,0,0,0,0,0,0,0,682527,,0,0.0,,capacity-0.7-102,capacity,0.7,102,work,main,,28f531a5eaad53e7df2527c22794192b372d513fff7fe6cf84a0ea1391173a76,0.17312736799976847
bwc,d22e0cb71f5bb70,104963,104963,83826,25664.2048042,377.430515787,630.297136018,802.242153088,351.373842601,0.988452270179,0.0484,4.1913,538.075478859,0.996022701881,734.610082904,0.958011380653,60046,3842944,21964096,0.0150115000001,0.0228560000001,0.171896000001,0,0,0,0,0,0,0,0,0,0,44110,1.85520290184,0,0,938846,,0,0.0,,capacity-0.85-101,capacity,0.85,101,bwc,main,,5bfe436c6d393bec904fb0ec2b601a2f36e11af6edefcb76cdb5a8edb1f084e2,0.2107902859997921
jbsq,d22e0cb71f5bb70,104963,104963,83826,25172.9742156,17.3668051968,216.959288276,547.313444122,45.2644320955,0.144943096414,3.5838,4.1913,119.253930694,0.165169593779,454.747778943,0.0636118598383,0,0,22506496,0,0,0.209590857623,0,0,0,0,0,0,0,0,0,0,0,0,0,0,735072,,0,0.0,,capacity-0.85-101,capacity,0.85,101,jbsq,main,,5bfe436c6d393bec904fb0ec2b601a2f36e11af6edefcb76cdb5a8edb1f084e2,0.18488867599990044
jsw,d22e0cb71f5bb70,104963,104963,83826,25172.9742156,30.509060828,226.531071854,416.791711781,55.1276544549,0.26349819865,3.0869,4.1913,127.968813517,0.30544755776,330.656048769,0.0948188080264,15936,1019904,22507264,0.00398400000004,0.00398400000004,0.107730000002,0,0,0,0,0,0,0,0,0,0,0,0,0,0,710327,,0,0.0,,capacity-0.85-101,capacity,0.85,101,jsw,main,,5bfe436c6d393bec904fb0ec2b601a2f36e11af6edefcb76cdb5a8edb1f084e2,0.18372168599944416
p2c,d22e0cb71f5bb70,104963,104963,83826,25172.9742156,24.9811580655,301.216879369,627.778247841,54.7241291203,0.219096700308,3.273,4.1913,246.211769647,0.251478452578,541.860346683,0.0888888888889,15936,1019904,22508416,0.00398400000004,0.00398400000004,0.107730000002,0,0,0,0,0,0,0,0,0,0,0,0,0,0,710344,,0,0.0,,capacity-0.85-101,capacity,0.85,101,p2c,main,,5bfe436c6d393bec904fb0ec2b601a2f36e11af6edefcb76cdb5a8edb1f084e2,0.17374088500037033
qbr,d22e0cb71f5bb70,104963,104963,83826,25172.9742156,30.509060828,227.21434789,425.227404755,55.1722384512,0.263080667096,3.08865,4.1913,125.542739545,0.304449509169,327.686014293,0.0967355495657,85220,5365440,22524688,0.0245670624999,0.0270834999999,0.107730000002,2697,205,2492,0,0,59,114,809.4,1.93220338983,6,0,0,338,89.0970444908,1129631,0.8947368421052632,114,0.0013599599169708682,13.304276897414583,capacity-0.85-101,capacity,0.85,101,qbr,main,,5bfe436c6d393bec904fb0ec2b601a2f36e11af6edefcb76cdb5a8edb1f084e2,0.24973033599962946
single,d22e0cb71f5bb70,104963,104963,83826,25174.3149302,30.4147223853,227.442562238,439.520300221,55.0873284232,0.259358671534,3.10425,4.1913,130.178911112,0.299980634878,341.093107629,0.0960167714885,85295,5369040,22517744,0.0243254157499,0.0267809999999,0.107728500002,2727,218,2509,0,0,57,57,499.7,1,1,0,0,135,153.78907884,1130113,0.8448275862068966,58,0.000691909431441319,8.034551089688993,capacity-0.85-101,capacity,0.85,101,single,main,,5bfe436c6d393bec904fb0ec2b601a2f36e11af6edefcb76cdb5a8edb1f084e2,0.27698158899966074
steal,d22e0cb71f5bb70,104963,104963,83826,25172.9742156,30.4147223853,226.758602926,417.627712996,55.1575577891,0.262197886097,3.09235,4.1913,127.325899477,0.30318332812,329.002731781,0.0973944294699,91901,5685440,22888048,0.0501499739334,0.0607064999998,0.107715000002,18219,6719,11500,0,0,1173,2429,20570.9,2.07075873828,14,0,0,4571,255.845281341,1202569,0.8162762022194822,2433,0.02902440770166774,5.4406684599915085,capacity-0.85-101,capacity,0.85,101,steal,main,,5bfe436c6d393bec904fb0ec2b601a2f36e11af6edefcb76cdb5a8edb1f084e2,0.298558340999989
threshold,d22e0cb71f5bb70,104963,104963,83826,25172.9742156,30.1645317768,226.531071854,430.80172896,54.8166636391,0.261947367165,3.0934,4.1913,127.968813517,0.303272705605,330.987704818,0.095777178796,110752,6589856,22780016,0.0472191249999,0.0609847499999,0.107713500002,15163,1512,13652,0,0,697,1760,16011,2.52510760402,18,0,0,3182,205.945129534,1224032,0.9045454545454545,1760,0.020995872402357264,9.73640800103796,capacity-0.85-101,capacity,0.85,101,threshold,main,,5bfe436c6d393bec904fb0ec2b601a2f36e11af6edefcb76cdb5a8edb1f084e2,0.3139137749994916
work,d22e0cb71f5bb70,104963,104963,83826,25251.4445331,145.1316841,343.150804519,567.402113045,150.750706634,0.90802376351,0.3855,4.1913,222.921334143,0.96780920886,493.179626314,0.667625037436,15936,1019904,22421824,0.00398400000004,0.00398400000004,0.232658774,0,0,0,0,0,0,0,0,0,0,0,0,0,0,815555,,0,0.0,,capacity-0.85-101,capacity,0.85,101,work,main,,5bfe436c6d393bec904fb0ec2b601a2f36e11af6edefcb76cdb5a8edb1f084e2,0.19718958099929296
bwc,7e223a1c3169635e,104414,104414,83573,25628.5662631,487.776125438,733.141066629,912.781763323,433.141896296,0.989721560791,0.04295,4.17865,661.322544558,0.99253999103,830.838857067,0.978421147276,60365,3863360,21903232,0.0150912500001,0.0202160000001,0.172088000001,0,0,0,0,0,0,0,0,0,0,44429,1.83533277814,0,0,935236,,0,0.0,,capacity-0.85-102,capacity,0.85,102,bwc,main,,d289ce857906a296490d45beec0a8f14bb3353e2e7d0e50bf1827ea64ac369fd,0.21490959599941561
jbsq,7e223a1c3169635e,104414,104414,83573,25146.102707,19.9571319136,234.160984405,563.439165886,51.5329729555,0.213705383318,3.28565,4.17865,134.036840631,0.24502915234,463.021341663,0.0881136486243,0,0,22452544,0,0,0.208938500001,0,0,0,0,0,0,0,0,0,0,0,0,0,0,731231,,0,0.0,,capacity-0.85-102,capacity,0.85,102,jbsq,main,,d289ce857906a296490d45beec0a8f14bb3353e2e7d0e50bf1827ea64ac369fd,0.1882570530005978
jsw,7e223a1c3169635e,104414,104414,83573,25159.0758209,34.5242367817,241.561389268,449.764502839,61.0123878215,0.304811362521,2.90495,4.17865,144.694164378,0.347211840335,355.759526128,0.134807888269,15936,1019904,22452160,0.00398400000004,0.00398400000004,0.10747773086,0,0,0,0,0,0,0,0,0,0,0,0,0,0,706987,,0,0.0,,capacity-0.85-102,capacity,0.85,102,jsw,main,,d289ce857906a296490d45beec0a8f14bb3353e2e7d0e50bf1827ea64ac369fd,0.1792769749999934
p2c,7e223a1c3169635e,104414,104414,83573,25155.891216,29.0631038499,339.387761538,694.567584787,60.1409808844,0.264200160339,3.07465,4.17865,277.992493542,0.301300642846,587.050086311,0.115446862075,15936,1019904,22452672,0.00398400000004,0.00398400000004,0.10747773086,0,0,0,0,0,0,0,0,0,0,0,0,0,0,706990,,0,0.0,,capacity-0.85-102,capacity,0.85,102,p2c,main,,d289ce857906a296490d45beec0a8f14bb3353e2e7d0e50bf1827ea64ac369fd,0.16416744900016056
qbr,7e223a1c3169635e,104414,104414,83573,25149.2408688,34.8094273464,242.533091164,434.703525709,61.2674559817,0.304847259282,2.9048,4.17865,145.424093599,0.347166990582,351.506109682,0.135167535815,85567,5381984,22474704,0.0248731718749,0.0266787499999,0.107477000002,2874,218,2656,0,0,71,145,1029.5,2.04225352113,10,0,0,438,98.6251780189,1126711,0.8493150684931506,146,0.00174697569789286,11.09736952358018,capacity-0.85-102,capacity,0.85,102,qbr,main,,d289ce857906a296490d45beec0a8f14bb3353e2e7d0e50bf1827ea64ac369fd,0.2546880070003681
single,7e223a1c3169635e,104414,104414,83573,25160.0665449,34.8452367737,242.776624255,431.233530689,61.228389531,0.306163473849,2.8993,4.17865,148.529944248,0.347869636717,349.748854412,0.138943835042,85621,5384688,22463376,0.0245787572811,0.0262534999999,0.107476610002,2899,200,2700,0,0,60,60,426,1,1,0,0,132,100.881632743,1126979,0.9,60,0.0007179352183121343,6.433029474151196,capacity-0.85-102,capacity,0.85,102,single,main,,d289ce857906a296490d45beec0a8f14bb3353e2e7d0e50bf1827ea64ac369fd,0.2695380240002123
steal,7e223a1c3169635e,104414,104414,83573,25149.1065337,34.8094273464,242.289801362,411.810647485,61.183924042,0.305146398957,2.90355,4.17865,145.863805299,0.347600538197,347.651707414,0.134927770785,92982,5737296,22853648,0.0510979790929,0.0629204999998,0.107462000002,17672,7296,10376,0,0,1244,2559,21683.9,2.05707395498,11,0,0,4875,241.034105086,1204743,0.8333985138834572,2557,0.03059600588706879,6.592466753250301,capacity-0.85-102,capacity,0.85,102,steal,main,,d289ce857906a296490d45beec0a8f14bb3353e2e7d0e50bf1827ea64ac369fd,0.2970783679993474
threshold,7e223a1c3169635e,104414,104414,83573,25147.3144488,34.8452367737,240.593564482,438.201378043,61.0951789279,0.304165220825,2.90765,4.17865,146.599594433,0.346150396173,354.691384544,0.135826889648,111713,6635504,22716064,0.0479178908749,0.0603999999999,0.10744623086,15639,1496,14144,0,0,642,1716,15413.6,2.67289719626,10,0,0,2916,252.039250467,1221281,0.9235705950991832,1714,0.020509016069783302,11.651801105602484,capacity-0.85-102,capacity,0.85,102,threshold,main,,d289ce857906a296490d45beec0a8f14bb3353e2e7d0e50bf1827ea64ac369fd,0.2912539609997111
work,7e223a1c3169635e,104414,104414,83573,25169.2436772,171.160333774,420.566912835,608.594594512,178.233279263,0.902229188853,0.40855,4.17865,322.471472423,0.954477500374,534.316999451,0.692741113709,15936,1019904,22425536,0.00398400000004,0.00398400000004,0.232589730859,0,0,0,0,0,0,0,0,0,0,0,0,0,0,811445,,0,0.0,,capacity-0.85-102,capacity,0.85,102,work,main,,d289ce857906a296490d45beec0a8f14bb3353e2e7d0e50bf1827ea64ac369fd,0.1917747520001285
bwc,a4685e6e2a333f9e,86601,86601,69170,25174.5584704,14.4657965687,176.046467265,241.561389268,32.968095094,0.00412028335984,3.44425,3.4585,20.423062341,0,221.805078471,0.0206761462565,51776,3313664,18573632,0.0129440000001,0.0179000000002,0.146837000001,0,0,0,0,0,0,0,0,0,0,35840,1.92977120536,0,0,779478,,0,0.0,,steady-0.7-101,steady,0.7,101,bwc,main,,384ed17302e53c8983f21b556d86dc37f2a12c954b836ae4404a921b18005904,0.2321865309995701
jbsq,a4685e6e2a333f9e,86601,86601,69170,25172.236049,13.7855950248,176.046467265,241.561389268,32.4780284641,0.00416365476363,3.4441,3.4585,19.2771675724,5.41653125339e-05,222.250911433,0.0206761462565,0,0,18573824,0,0,0.172923162085,0,0,0,0,0,0,0,0,0,0,0,0,0,0,606206,,0,0.0,,steady-0.7-101,steady,0.7,101,jbsq,main,,384ed17302e53c8983f21b556d86dc37f2a12c954b836ae4404a921b18005904,0.14553759999944305
jsw,a4685e6e2a333f9e,86601,86601,69170,25172.236049,14.8254502637,177.646274037,244.733676663,33.6437397986,0.00439496891716,3.4433,3.4585,25.2159259955,3.61102083559e-05,223.369400733,0.0219094602438,15936,1019904,18574144,0.00398400000004,0.00398400000004,0.0930747740013,0,0,0,0,0,0,0,0,0,0,0,0,0,0,599832,,0,0.0,,steady-0.7-101,steady,0.7,101,jsw,main,,384ed17302e53c8983f21b556d86dc37f2a12c954b836ae4404a921b18005904,0.14657795400034956
p2c,a4685e6e2a333f9e,86601,86601,69170,25172.236049,14.0690640517,177.111405309,243.997947581,33.122283776,0.00712736735579,3.43385,3.4585,29.5477379742,0.00359296573141,222.921334143,0.0213290771909,15936,1019904,18574208,0.00398400000004,0.00398400000004,0.0930747740013,0,0,0,0,0,0,0,0,0,0,0,0,0,0,599832,,0,0.0,,steady-0.7-101,steady,0.7,101,p2c,main,,384ed17302e53c8983f21b556d86dc37f2a12c954b836ae4404a921b18005904,0.15544338200015773
qbr,a4685e6e2a333f9e,86601,86601,69170,25172.236049,14.8571169897,177.289516714,242.776624255,33.6707089361,0.00435159751337,3.44345,3.4585,25.532253139,1.8055104178e-05,224.043182268,0.0217643644806,80117,5120496,18577488,0.0204222187499,0.0206744999999,0.0930740000013,161,130,31,0,0,15,24,170.4,1.6,4,0,0,59,66.6364317058,1002098,1.0,24,0.0003469712303021541,12.30378878626353,steady-0.7-101,steady,0.7,101,qbr,main,,384ed17302e53c8983f21b556d86dc37f2a12c954b836ae4404a921b18005904,0.24167714200029877
single,a4685e6e2a333f9e,86601,86601,69170,25173.1722478,14.8888470808,177.289516714,241.561389268,33.6993861492,0.00436605464797,3.4434,3.4585,25.3209470999,9.02755208898e-05,223.369400733,0.0215467208358,80182,5123616,18576704,0.0202875937499,0.0205004999999,0.0930740000013,183,152,31,0,0,16,16,113.6,1,1,0,0,37,77.2848546732,1002339,1.0,16,0.0002313141535347694,13.231110158296076,steady-0.7-101,steady,0.7,101,single,main,,384ed17302e53c8983f21b556d86dc37f2a12c954b836ae4404a921b18005904,0.23051298599966685
steal,a4685e6e2a333f9e,86601,86601,69170,25176.5522007,14.841275714,177.467806231,243.997947581,33.6930223444,0.00458291166691,3.44265,3.4585,26.2852728842,0.000234716354313,222.250911433,0.022054556007,108964,6503488,18903424,0.0705460601761,0.0901889999998,0.0930485000013,18594,15198,3395,0,0,1004,1932,22267.2,1.92430278884,9,0,0,2650,299.991140529,1158426,0.9265390584583549,1933,0.02794564117391933,6.998173472081161,steady-0.7-101,steady,0.7,101,steal,main,,384ed17302e53c8983f21b556d86dc37f2a12c954b836ae4404a921b18005904,0.2641448370004582
threshold,a4685e6e2a333f9e,86601,86601,69170,25172.236049,14.8571169897,177.289516714,242.776624255,33.6759186016,0.00427931184039,3.4437,3.4585,25.8523971557,1.8055104178e-05,222.697636507,0.0214016250725,84705,5340624,18741824,0.0267059916561,0.0278122499999,0.0930740000013,1919,1601,319,0,0,408,994,12282.4,2.4362745098,9,0,0,1380,251.670287889,1024274,0.9567404426559356,994,0.01437039178834755,9.148193251299272,steady-0.7-101,steady,0.7,101,threshold,main,,384ed17302e53c8983f21b556d86dc37f2a12c954b836ae4404a921b18005904,0.2438043860001926
work,a4685e6e2a333f9e,86601,86601,69170,25172.236049,15.0324200397,176.223513732,241.561389268,33.3572032465,0.00414919762903,3.44415,3.4585,21.2079433453,0,222.250911433,0.0208212420197,15936,1019904,18574208,0.00398400000004,0.00398400000004,0.196831893598,0,0,0,0,0,0,0,0,0,0,0,0,0,0,686432,,0,0.0,,steady-0.7-101,steady,0.7,101,work,main,,384ed17302e53c8983f21b556d86dc37f2a12c954b836ae4404a921b18005904,0.19014178500037815
bwc,7f0d3672829ced42,85993,85993,68751,25193.6024235,14.5432803643,175.163884441,238.669484423,33.1121554955,0.00407266803392,3.42355,3.43755,20.423062341,0,219.589233107,0.0203784570597,51496,3295744,18477184,0.0128739896496,0.0183920000001,0.145993500001,0,0,0,0,0,0,0,0,0,0,35560,1.93377390326,0,0,774880,,0,0.0,,steady-0.7-102,steady,0.7,102,bwc,main,,5d4be0ac4b408ba559dc3d4b61119bb276aa53357c95d0c29d1863810fd835ab,0.18774612700053694
jbsq,7f0d3672829ced42,85993,85993,68751,25193.6024235,13.8003806198,175.163884441,238.909153907,32.5948718578,0.00407266803392,3.42355,3.43755,19.3583979868,5.45345476359e-05,219.589233107,0.0201601164483,0,0,18477312,0,0,0.171906000001,0,0,0,0,0,0,0,0,0,0,0,0,0,0,601950,,0,0.0,,steady-0.7-102,steady,0.7,102,jbsq,main,,5d4be0ac4b408ba559dc3d4b61119bb276aa53357c95d0c29d1863810fd835ab,0.16638755700023466
jsw,7f0d3672829ced42,85993,85993,68751,25193.6024235,14.9206406638,176.578137983,241.561389268,33.8191343499,0.00431993716455,3.4227,3.43755,25.7720008105,0.000109069095272,220.251662795,0.0211790393013,15936,1019904,18477824,0.00398400000004,0.00398400000004,0.0926550000013,0,0,0,0,0,0,0,0,0,0,0,0,0,0,596252,,0,0.0,,steady-0.7-102,steady,0.7,102,jsw,main,,5d4be0ac4b408ba559dc3d4b61119bb276aa53357c95d0c29d1863810fd835ab,0.14854377599931468
p2c,7f0d3672829ced42,85993,85993,68751,25193.6024235,14.0841331158,176.046467265,241.076993205,33.2767185986,0.0078398859653,3.4106,3.43755,30.5721104587,0.00450818927124,220.251662795,0.0211790393013,15936,1019904,18477504,0.00398400000004,0.00398400000004,0.0926550000013,0,0,0,0,0,0,0,0,0,0,0,0,0,0,596252,,0,0.0,,steady-0.7-102,steady,0.7,102,p2c,main,,5d4be0ac4b408ba559dc3d4b61119bb276aa53357c95d0c29d1863810fd835ab,0.14611232199968072
qbr,7f0d3672829ced42,85993,85993,68751,25193.6024235,14.8571169897,176.223513732,241.561389268,33.7830892034,0.00429084667859,3.4228,3.43755,25.3209470999,0.000109069095272,221.137997841,0.0210334788937,80132,5121216,18481248,0.0204426249999,0.0206839999999,0.0926542540013,165,136,29,0,0,14,22,156.2,1.57142857143,4,0,0,54,46.0023342714,998706,1.0,22,0.00031999534552224694,14.209822515754365,steady-0.7-102,steady,0.7,102,qbr,main,,5d4be0ac4b408ba559dc3d4b61119bb276aa53357c95d0c29d1863810fd835ab,0.23383998000008432
single,7f0d3672829ced42,85993,85993,68751,25193.6024235,14.8729741067,176.223513732,241.076993205,33.8039600706,0.00424721094966,3.42295,3.43755,26.0679697057,3.63563650906e-05,220.694387372,0.0211062590975,80176,5123328,18480128,0.0202830312499,0.0204502499999,0.0926550000013,179,154,25,0,0,16,16,113.6,1,1,0,0,38,67.1566324293,998997,0.9375,16,0.00023272388765254324,9.223880171475912,steady-0.7-102,steady,0.7,102,single,main,,5d4be0ac4b408ba559dc3d4b61119bb276aa53357c95d0c29d1863810fd835ab,0.23530286400000477
steal,7f0d3672829ced42,85993,85993,68751,25193.6024235,14.841275714,175.869597667,241.076993205,33.7677019697,0.0042181204637,3.42305,3.43755,25.7452555549,1.81781825453e-05,220.694387372,0.0210334788937,108659,6488688,18766784,0.0700219218748,0.0973794999998,0.0926280000013,18538,15002,3536,0,0,908,1679,19615.9,1.84911894273,7,0,0,2389,304.030440705,1152062,0.9388724035608309,1685,0.024508734418408458,7.342141834641626,steady-0.7-102,steady,0.7,102,steal,main,,5d4be0ac4b408ba559dc3d4b61119bb276aa53357c95d0c29d1863810fd835ab,0.27101547500024026
threshold,7f0d3672829ced42,85993,85993,68751,25193.6024235,14.8571169897,176.578137983,241.561389268,33.7843834612,0.00463993251007,3.4216,3.43755,26.1492548457,0.000527167293814,220.916081759,0.0211062590975,84552,5333376,18643616,0.0263919802499,0.0277294999999,0.0926550000013,1888,1489,400,0,0,394,991,11976.1,2.5152284264,14,0,0,1311,244.250830822,1019885,0.9626639757820383,991,0.014414335791479396,9.77976983413829,steady-0.7-102,steady,0.7,102,threshold,main,,5d4be0ac4b408ba559dc3d4b61119bb276aa53357c95d0c29d1863810fd835ab,0.23205501299980824
work,7f0d3672829ced42,85993,85993,68751,25193.6024235,15.1611292067,175.163884441,238.909153907,33.528659235,0.00404357754796,3.42365,3.43755,21.2301512886,0,219.589233107,0.0202328966521,15936,1019904,18477120,0.00398400000004,0.00398400000004,0.1957965,0,0,0,0,0,0,0,0,0,0,0,0,0,0,682244,,0,0.0,,steady-0.7-102,steady,0.7,102,work,main,,5d4be0ac4b408ba559dc3d4b61119bb276aa53357c95d0c29d1863810fd835ab,0.1776848079998672
bwc,57b412e8d6afaf28,104963,104963,83826,25191.9820126,19.3380599269,182.716486922,247.698753389,38.3912714861,0.0226302101973,4.09645,4.1913,52.038328071,0.0218230027856,226.531071854,0.0258760107817,60713,3885632,22493760,0.0151783337658,0.0221200000003,0.174832000001,0,0,0,0,0,0,0,0,0,0,44778,1.87129840547,0,0,935162,,0,0.0,,steady-0.85-101,steady,0.85,101,bwc,main,,0e935ef12568e30d8d10ad663ff619b67aacd61e91b8275a58b775478d991cca,0.22980632100006915
jbsq,57b412e8d6afaf28,104963,104963,83826,25172.9742156,14.1748644784,176.578137983,242.776624255,33.2627454289,0.00764679216472,4.15925,4.1913,30.9530665051,0.00437949680475,220.916081759,0.0207846660677,0,0,22506560,0,0,0.209592357623,0,0,0,0,0,0,0,0,0,0,0,0,0,0,734740,,0,0.0,,steady-0.85-101,steady,0.85,101,jbsq,main,,0e935ef12568e30d8d10ad663ff619b67aacd61e91b8275a58b775478d991cca,0.1763978090002638
jsw,57b412e8d6afaf28,104963,104963,83826,25174.0437385,17.6628884155,180.889386173,243.753194387,36.5734749122,0.012442440293,4.13915,4.1913,39.7781433531,0.00953359848654,224.718987169,0.0241389637616,15936,1019904,22507712,0.00398400000004,0.00398400000004,0.107730000002,0,0,0,0,0,0,0,0,0,0,0,0,0,0,710008,,0,0.0,,steady-0.85-101,steady,0.85,101,jsw,main,,0e935ef12568e30d8d10ad663ff619b67aacd61e91b8275a58b775478d991cca,0.18056703099955485
p2c,57b412e8d6afaf28,104963,104963,83826,25172.9742156,15.686382005,181.618035782,249.44487605,36.5193258462,0.0361820914752,4.03965,4.1913,58.143125349,0.0389685838137,226.986361529,0.0249775381851,15936,1019904,22508608,0.00398400000004,0.00398400000004,0.107730000002,0,0,0,0,0,0,0,0,0,0,0,0,0,0,710006,,0,0.0,,steady-0.85-101,steady,0.85,101,p2c,main,,0e935ef12568e30d8d10ad663ff619b67aacd61e91b8275a58b775478d991cca,0.18774485399990226
qbr,57b412e8d6afaf28,104963,104963,83826,25172.9742156,17.5884231181,180.889386173,245.47161514,36.5320278899,0.0111421277408,4.1446,4.1913,38.7718242199,0.00788011499903,223.369400733,0.0242587601078,82073,5214384,22526320,0.0222869843749,0.0235852499999,0.107730000002,1078,310,768,0,0,72,121,859.1,1.68055555556,5,0,0,323,52.8002340681,1120137,0.9754098360655737,122,0.0014553957006179466,15.121745992757445,steady-0.85-101,steady,0.85,101,qbr,main,,0e935ef12568e30d8d10ad663ff619b67aacd61e91b8275a58b775478d991cca,0.2699439709995204
single,57b412e8d6afaf28,104963,104963,83826,25176.9095794,17.6442441713,180.344807535,244.488188475,36.5158239149,0.0109631856465,4.14535,4.1913,38.5735602869,0.00758219004633,223.818363904,0.0245582509733,81898,5205984,22524544,0.0217162656249,0.0222984999999,0.107730000002,1003,307,697,0,0,96,96,681.6,1,1,0,0,223,67.1247393947,1119952,0.9270833333333334,96,0.0011452294037649416,13.11354759805487,steady-0.85-101,steady,0.85,101,single,main,,0e935ef12568e30d8d10ad663ff619b67aacd61e91b8275a58b775478d991cca,0.27324270799999795
steal,57b412e8d6afaf28,104963,104963,83826,25175.5254888,17.5327691937,180.163643891,246.458981416,36.4215810798,0.0115000119295,4.1431,4.1913,39.0110525386,0.00831210618045,224.26822545,0.0243186582809,101729,6156736,23165792,0.0675916049334,0.0879162499998,0.107712000002,24131,12083,12048,0,0,2046,4198,35410.8,2.05180840665,11,0,0,7377,273.819642911,1245602,0.8616007622677465,4198,0.05007992746880443,7.737617795973187,steady-0.85-101,steady,0.85,101,steal,main,,0e935ef12568e30d8d10ad663ff619b67aacd61e91b8275a58b775478d991cca,0.2980321790000744
threshold,57b412e8d6afaf28,104963,104963,83826,25172.9742156,17.5142549388,179.80185937,245.718086755,36.4961550374,0.0126213823873,4.1384,4.1913,39.9006001583,0.00980173094398,223.593770134,0.0239592692423,96710,5916864,22930944,0.0382074843749,0.0431197499999,0.107725500002,7777,2554,5223,0,0,1071,2799,23292.9,2.61344537815,11,0,0,4791,219.94051312,1184764,0.9321912919343326,2802,0.033426383222389236,11.314519300693611,steady-0.85-101,steady,0.85,101,threshold,main,,0e935ef12568e30d8d10ad663ff619b67aacd61e91b8275a58b775478d991cca,0.2840269329999501
work,57b412e8d6afaf28,104963,104963,83826,25173.9879575,16.576573342,178.003745232,241.803950657,35.311894822,0.0104144298905,4.14765,4.1913,36.7575218478,0.0076566712845,222.474162344,0.021503444145,15936,1019904,22514176,0.00398400000004,0.00398400000004,0.233533774,0,0,0,0,0,0,0,0,0,0,0,0,0,0,814970,,0,0.0,,steady-0.85-101,steady,0.85,101,work,main,,0e935ef12568e30d8d10ad663ff619b67aacd61e91b8275a58b775478d991cca,0.26581705900025554
bwc,a7a68091cba075e6,104414,104414,83573,25151.4770052,18.6781816775,193.09859579,259.400115429,42.3116128013,0.0805882282555,3.8419,4.17865,99.2529543437,0.0907161010614,240.111101169,0.0399808187976,60122,3847808,22446656,0.0150305388261,0.0241480000002,0.173736500001,0,0,0,0,0,0,0,0,0,0,44186,1.89102883266,0,0,928074,,0,0.0,,steady-0.85-102,steady,0.85,102,bwc,main,,c8c87eccbd1edb99f82dd914bde099b190b5e7ace4b789edbb2e4fcc27dff0dc,0.24022749100004148
jbsq,a7a68091cba075e6,104414,104414,83573,25146.102707,14.2052293822,175.340048326,237.713198395,33.3302999435,0.00741866392256,4.14765,4.17865,30.2268920049,0.00429062640155,219.368864243,0.01996043877,0,0,22452544,0,0,0.208938500001,0,0,0,0,0,0,0,0,0,0,0,0,0,0,730897,,0,0.0,,steady-0.85-102,steady,0.85,102,jbsq,main,,c8c87eccbd1edb99f82dd914bde099b190b5e7ace4b789edbb2e4fcc27dff0dc,0.18305367300035869
jsw,a7a68091cba075e6,104414,104414,83573,25150.7580209,17.6815513039,178.541293657,242.533091164,36.6981132181,0.0127912124729,4.1252,4.17865,40.3114516036,0.0104350426073,222.697636507,0.0222382065576,15936,1019904,22452288,0.00398400000004,0.00398400000004,0.10747773086,0,0,0,0,0,0,0,0,0,0,0,0,0,0,706640,,0,0.0,,steady-0.85-102,steady,0.85,102,jsw,main,,c8c87eccbd1edb99f82dd914bde099b190b5e7ace4b789edbb2e4fcc27dff0dc,0.180153235999569
p2c,a7a68091cba075e6,104414,104414,83573,25150.9060139,15.6364228107,180.707678495,244.97941034,36.6245523374,0.0387565362019,4.0167,4.17865,58.9765327157,0.0423680669756,224.493493675,0.0242762093149,15936,1019904,22452992,0.00398400000004,0.00398400000004,0.10747773086,0,0,0,0,0,0,0,0,0,0,0,0,0,0,706642,,0,0.0,,steady-0.85-102,steady,0.85,102,p2c,main,,c8c87eccbd1edb99f82dd914bde099b190b5e7ace4b789edbb2e4fcc27dff0dc,0.17615527700036182
qbr,a7a68091cba075e6,104414,104414,83573,25153.9420327,17.5698532649,178.720834951,242.776624255,36.629032383,0.0126356598423,4.12585,4.17865,40.0234247015,0.009986545074,222.250911433,0.0232572079362,81977,5209776,22474208,0.0222311093749,0.0228024999999,0.107477556745,1031,317,714,0,0,82,139,986.9,1.69512195122,4,0,0,373,60.2030601583,1115912,0.935251798561151,139,0.0016632165890897777,12.682856717274491,steady-0.85-102,steady,0.85,102,qbr,main,,c8c87eccbd1edb99f82dd914bde099b190b5e7ace4b789edbb2e4fcc27dff0dc,0.27676583199991
single,a7a68091cba075e6,104414,104414,83573,25157.0296176,17.6070115412,179.260536798,244.242945529,36.6610273601,0.013186076843,4.12355,4.17865,40.5184223894,0.0107041411272,222.697636507,0.0231373254211,82099,5215632,22468624,0.0218717048053,0.0226379999999,0.107477166745,1090,328,763,0,0,92,92,653.2,1,1,0,0,201,64.1745613537,1116406,0.9560439560439561,91,0.0010888684144400704,13.347639534275533,steady-0.85-102,steady,0.85,102,single,main,,c8c87eccbd1edb99f82dd914bde099b190b5e7ace4b789edbb2e4fcc27dff0dc,0.27163432099951024
steal,a7a68091cba075e6,104414,104414,83573,25150.3702366,17.5142549388,178.182748977,241.803950657,36.4799162498,0.0102545080349,4.1358,4.17865,38.4156609913,0.00722081028554,222.474162344,0.0224180303303,102289,6183536,23098880,0.0680180298009,0.0893242499998,0.107457500002,23822,12366,11456,0,0,2049,4136,34020.6,2.01854563202,10,0,0,7079,234.651782599,1245781,0.8699757869249395,4130,0.04941787419381858,7.599570112092966,steady-0.85-102,steady,0.85,102,steal,main,,c8c87eccbd1edb99f82dd914bde099b190b5e7ace4b789edbb2e4fcc27dff0dc,0.3002029520002907
threshold,a7a68091cba075e6,104414,104414,83573,25152.3406717,17.5698532649,179.080456342,242.533091164,36.5902682027,0.0125399351465,4.12625,4.17865,40.1055125743,0.010121094334,223.818363904,0.0222382065576,96905,5926176,22869488,0.0384307189999,0.0442652539999,0.10747173086,7857,2597,5260,0,0,1077,2721,23404.1,2.52646239554,12,0,0,4677,206.569999316,1180131,0.9259941089837997,2716,0.032498534215595946,10.441796832732335,steady-0.85-102,steady,0.85,102,threshold,main,,c8c87eccbd1edb99f82dd914bde099b190b5e7ace4b789edbb2e4fcc27dff0dc,0.2874444660001245
work,a7a68091cba075e6,104414,104414,83573,25146.0938001,16.8242512525,183.268187716,245.718086755,38.1043317211,0.0516793701315,3.9627,4.17865,77.7924322836,0.0576917326955,228.128575481,0.0275729784811,15936,1019904,22452224,0.00398400000004,0.00398400000004,0.232845592507,0,0,0,0,0,0,0,0,0,0,0,0,0,0,811039,,0,0.0,,steady-0.85-102,steady,0.85,102,work,main,,c8c87eccbd1edb99f82dd914bde099b190b5e7ace4b789edbb2e4fcc27dff0dc,0.2243573469995681
